Date;Time;Severity;TID;This;Function;Message
2023/02/02;16:08:39.055;WARN;9469;0;agree_joint_controller::homing_control@699;"MOVING BACK FROM ENDSTOP..."
2023/02/02;16:08:39.056;WARN;9469;0;agree_joint_controller::homing_control@699;"MOVING BACK FROM ENDSTOP..."
2023/02/02;16:08:39.057;WARN;9469;0;agree_joint_controller::homing_control@699;"MOVING BACK FROM ENDSTOP..."
2023/02/02;16:08:39.058;WARN;9469;0;agree_joint_controller::homing_control@699;"MOVING BACK FROM ENDSTOP..."
2023/02/02;16:08:39.059;WARN;9469;0;agree_joint_controller::homing_control@699;"MOVING BACK FROM ENDSTOP..."
2023/02/02;16:08:39.060;WARN;9469;0;agree_joint_controller::homing_control@699;"MOVING BACK FROM ENDSTOP..."
2023/02/02;16:08:39.061;WARN;9469;0;agree_joint_controller::homing_control@699;"MOVING BACK FROM ENDSTOP..."
2023/02/02;16:08:39.062;WARN;9469;0;agree_joint_controller::homing_control@699;"MOVING BACK FROM ENDSTOP..."
2023/02/02;16:08:39.063;WARN;9469;0;agree_joint_controller::homing_control@699;"MOVING BACK FROM ENDSTOP..."
2023/02/02;16:08:39.064;WARN;9469;0;agree_joint_controller::homing_control@699;"MOVING BACK FROM ENDSTOP..."
2023/02/02;16:08:39.065;WARN;9469;0;agree_joint_controller::homing_control@699;"MOVING BACK FROM ENDSTOP..."
2023/02/02;16:08:39.066;WARN;9469;0;agree_joint_controller::homing_control@699;"MOVING BACK FROM ENDSTOP..."
2023/02/02;16:08:39.067;WARN;9469;0;agree_joint_controller::homing_control@699;"MOVING BACK FROM ENDSTOP..."
2023/02/02;16:08:39.068;WARN;9469;0;agree_joint_controller::homing_control@699;"MOVING BACK FROM ENDSTOP..."
2023/02/02;16:08:39.069;WARN;9469;0;agree_joint_controller::homing_control@699;"MOVING BACK FROM ENDSTOP..."
2023/02/02;16:08:39.070;WARN;9469;0;agree_joint_controller::homing_control@699;"MOVING BACK FROM ENDSTOP..."
2023/02/02;16:08:39.071;WARN;9469;0;agree_joint_controller::homing_control@699;"MOVING BACK FROM ENDSTOP..."
2023/02/02;16:08:39.072;WARN;9469;0;agree_joint_controller::homing_control@699;"MOVING BACK FROM ENDSTOP..."
2023/02/02;16:08:39.073;WARN;9469;0;agree_joint_controller::homing_control@699;"MOVING BACK FROM ENDSTOP..."
2023/02/02;16:08:39.074;WARN;9469;0;agree_joint_controller::homing_control@699;"MOVING BACK FROM ENDSTOP..."
2023/02/02;16:08:39.075;WARN;9469;0;agree_joint_controller::homing_control@699;"MOVING BACK FROM ENDSTOP..."
2023/02/02;16:08:39.076;WARN;9469;0;agree_joint_controller::homing_control@699;"MOVING BACK FROM ENDSTOP..."
2023/02/02;16:08:39.077;WARN;9469;0;agree_joint_controller::homing_control@699;"MOVING BACK FROM ENDSTOP..."
2023/02/02;16:08:39.078;WARN;9469;0;agree_joint_controller::homing_control@699;"MOVING BACK FROM ENDSTOP..."
2023/02/02;16:08:39.079;WARN;9469;0;agree_joint_controller::homing_control@699;"MOVING BACK FROM ENDSTOP..."
2023/02/02;16:08:39.080;WARN;9469;0;agree_joint_controller::homing_control@699;"MOVING BACK FROM ENDSTOP..."
2023/02/02;16:08:39.081;WARN;9469;0;agree_joint_controller::homing_control@699;"MOVING BACK FROM ENDSTOP..."
2023/02/02;16:08:39.082;WARN;9469;0;agree_joint_controller::homing_control@699;"MOVING BACK FROM ENDSTOP..."
2023/02/02;16:08:39.083;WARN;9469;0;agree_joint_controller::homing_control@699;"MOVING BACK FROM ENDSTOP..."
2023/02/02;16:08:39.084;WARN;9469;0;agree_joint_controller::homing_control@699;"MOVING BACK FROM ENDSTOP..."
2023/02/02;16:08:39.085;WARN;9469;0;agree_joint_controller::homing_control@699;"MOVING BACK FROM ENDSTOP..."
2023/02/02;16:08:39.086;WARN;9469;0;agree_joint_controller::homing_control@699;"MOVING BACK FROM ENDSTOP..."
2023/02/02;16:08:39.087;WARN;9469;0;agree_joint_controller::homing_control@699;"MOVING BACK FROM ENDSTOP..."
2023/02/02;16:08:39.088;WARN;9469;0;agree_joint_controller::homing_control@699;"MOVING BACK FROM ENDSTOP..."
2023/02/02;16:08:39.089;WARN;9469;0;agree_joint_controller::homing_control@699;"MOVING BACK FROM ENDSTOP..."
2023/02/02;16:08:39.090;WARN;9469;0;agree_joint_controller::homing_control@699;"MOVING BACK FROM ENDSTOP..."
2023/02/02;16:08:39.091;WARN;9469;0;agree_joint_controller::homing_control@699;"MOVING BACK FROM ENDSTOP..."
2023/02/02;16:08:39.092;WARN;9469;0;agree_joint_controller::homing_control@699;"MOVING BACK FROM ENDSTOP..."
2023/02/02;16:08:39.093;WARN;9469;0;agree_joint_controller::homing_control@699;"MOVING BACK FROM ENDSTOP..."
2023/02/02;16:08:39.094;WARN;9469;0;agree_joint_controller::homing_control@699;"MOVING BACK FROM ENDSTOP..."
2023/02/02;16:08:39.095;WARN;9469;0;agree_joint_controller::homing_control@699;"MOVING BACK FROM ENDSTOP..."
2023/02/02;16:08:39.096;WARN;9469;0;agree_joint_controller::homing_control@699;"MOVING BACK FROM ENDSTOP..."
2023/02/02;16:08:39.097;WARN;9469;0;agree_joint_controller::homing_control@699;"MOVING BACK FROM ENDSTOP..."
2023/02/02;16:08:39.098;WARN;9469;0;agree_joint_controller::homing_control@699;"MOVING BACK FROM ENDSTOP..."
2023/02/02;16:08:39.099;WARN;9469;0;agree_joint_controller::homing_control@699;"MOVING BACK FROM ENDSTOP..."
2023/02/02;16:08:39.100;WARN;9469;0;agree_joint_controller::homing_control@699;"MOVING BACK FROM ENDSTOP..."
2023/02/02;16:08:39.101;WARN;9469;0;agree_joint_controller::homing_control@699;"MOVING BACK FROM ENDSTOP..."
2023/02/02;16:08:39.102;WARN;9469;0;agree_joint_controller::homing_control@699;"MOVING BACK FROM ENDSTOP..."
2023/02/02;16:08:39.103;WARN;9469;0;agree_joint_controller::homing_control@699;"MOVING BACK FROM ENDSTOP..."
2023/02/02;16:08:39.104;WARN;9469;0;agree_joint_controller::homing_control@699;"MOVING BACK FROM ENDSTOP..."
2023/02/02;16:08:39.105;WARN;9469;0;agree_joint_controller::homing_control@699;"MOVING BACK FROM ENDSTOP..."
2023/02/02;16:08:39.106;WARN;9469;0;agree_joint_controller::homing_control@699;"MOVING BACK FROM ENDSTOP..."
2023/02/02;16:08:39.107;WARN;9469;0;agree_joint_controller::homing_control@699;"MOVING BACK FROM ENDSTOP..."
2023/02/02;16:08:39.108;WARN;9469;0;agree_joint_controller::homing_control@699;"MOVING BACK FROM ENDSTOP..."
2023/02/02;16:08:39.109;WARN;9469;0;agree_joint_controller::homing_control@699;"MOVING BACK FROM ENDSTOP..."
2023/02/02;16:08:39.110;WARN;9469;0;agree_joint_controller::homing_control@699;"MOVING BACK FROM ENDSTOP..."
2023/02/02;16:08:39.111;WARN;9469;0;agree_joint_controller::homing_control@699;"MOVING BACK FROM ENDSTOP..."
2023/02/02;16:08:39.112;WARN;9469;0;agree_joint_controller::homing_control@699;"MOVING BACK FROM ENDSTOP..."
2023/02/02;16:08:39.113;WARN;9469;0;agree_joint_controller::homing_control@699;"MOVING BACK FROM ENDSTOP..."
2023/02/02;16:08:39.114;WARN;9469;0;agree_joint_controller::homing_control@699;"MOVING BACK FROM ENDSTOP..."
2023/02/02;16:08:39.115;WARN;9469;0;agree_joint_controller::homing_control@699;"MOVING BACK FROM ENDSTOP..."
2023/02/02;16:08:39.116;WARN;9469;0;agree_joint_controller::homing_control@699;"MOVING BACK FROM ENDSTOP..."
2023/02/02;16:08:39.117;WARN;9469;0;agree_joint_controller::homing_control@699;"MOVING BACK FROM ENDSTOP..."
2023/02/02;16:08:39.118;WARN;9469;0;agree_joint_controller::homing_control@699;"MOVING BACK FROM ENDSTOP..."
2023/02/02;16:08:39.119;WARN;9469;0;agree_joint_controller::homing_control@699;"MOVING BACK FROM ENDSTOP..."
2023/02/02;16:08:39.120;WARN;9469;0;agree_joint_controller::homing_control@699;"MOVING BACK FROM ENDSTOP..."
2023/02/02;16:08:39.121;WARN;9469;0;agree_joint_controller::homing_control@699;"MOVING BACK FROM ENDSTOP..."
2023/02/02;16:08:39.122;WARN;9469;0;agree_joint_controller::homing_control@699;"MOVING BACK FROM ENDSTOP..."
2023/02/02;16:08:39.123;WARN;9469;0;agree_joint_controller::homing_control@699;"MOVING BACK FROM ENDSTOP..."
2023/02/02;16:08:39.124;WARN;9469;0;agree_joint_controller::homing_control@699;"MOVING BACK FROM ENDSTOP..."
2023/02/02;16:08:39.125;WARN;9469;0;agree_joint_controller::homing_control@699;"MOVING BACK FROM ENDSTOP..."
2023/02/02;16:08:39.126;WARN;9469;0;agree_joint_controller::homing_control@699;"MOVING BACK FROM ENDSTOP..."
2023/02/02;16:08:39.127;WARN;9469;0;agree_joint_controller::homing_control@699;"MOVING BACK FROM ENDSTOP..."
2023/02/02;16:08:39.128;WARN;9469;0;agree_joint_controller::homing_control@699;"MOVING BACK FROM ENDSTOP..."
2023/02/02;16:08:39.129;WARN;9469;0;agree_joint_controller::homing_control@699;"MOVING BACK FROM ENDSTOP..."
2023/02/02;16:08:39.130;WARN;9469;0;agree_joint_controller::homing_control@699;"MOVING BACK FROM ENDSTOP..."
2023/02/02;16:08:39.131;WARN;9469;0;agree_joint_controller::homing_control@699;"MOVING BACK FROM ENDSTOP..."
2023/02/02;16:08:39.132;WARN;9469;0;agree_joint_controller::homing_control@699;"MOVING BACK FROM ENDSTOP..."
2023/02/02;16:08:39.133;WARN;9469;0;agree_joint_controller::homing_control@699;"MOVING BACK FROM ENDSTOP..."
2023/02/02;16:08:39.134;WARN;9469;0;agree_joint_controller::homing_control@699;"MOVING BACK FROM ENDSTOP..."
2023/02/02;16:08:39.135;WARN;9469;0;agree_joint_controller::homing_control@699;"MOVING BACK FROM ENDSTOP..."
2023/02/02;16:08:39.136;WARN;9469;0;agree_joint_controller::homing_control@699;"MOVING BACK FROM ENDSTOP..."
2023/02/02;16:08:39.137;WARN;9469;0;agree_joint_controller::homing_control@699;"MOVING BACK FROM ENDSTOP..."
2023/02/02;16:08:39.138;WARN;9469;0;agree_joint_controller::homing_control@699;"MOVING BACK FROM ENDSTOP..."
2023/02/02;16:08:39.139;WARN;9469;0;agree_joint_controller::homing_control@699;"MOVING BACK FROM ENDSTOP..."
2023/02/02;16:08:39.140;WARN;9469;0;agree_joint_controller::homing_control@699;"MOVING BACK FROM ENDSTOP..."
2023/02/02;16:08:39.141;WARN;9469;0;agree_joint_controller::homing_control@699;"MOVING BACK FROM ENDSTOP..."
2023/02/02;16:08:39.142;WARN;9469;0;agree_joint_controller::homing_control@699;"MOVING BACK FROM ENDSTOP..."
2023/02/02;16:08:39.143;WARN;9469;0;agree_joint_controller::homing_control@699;"MOVING BACK FROM ENDSTOP..."
2023/02/02;16:08:39.144;WARN;9469;0;agree_joint_controller::homing_control@699;"MOVING BACK FROM ENDSTOP..."
2023/02/02;16:08:39.145;WARN;9469;0;agree_joint_controller::homing_control@699;"MOVING BACK FROM ENDSTOP..."
2023/02/02;16:08:39.146;WARN;9469;0;agree_joint_controller::homing_control@699;"MOVING BACK FROM ENDSTOP..."
2023/02/02;16:08:39.147;WARN;9469;0;agree_joint_controller::homing_control@699;"MOVING BACK FROM ENDSTOP..."
2023/02/02;16:08:39.148;WARN;9469;0;agree_joint_controller::homing_control@699;"MOVING BACK FROM ENDSTOP..."
2023/02/02;16:08:39.149;WARN;9469;0;agree_joint_controller::homing_control@699;"MOVING BACK FROM ENDSTOP..."
2023/02/02;16:08:39.150;WARN;9469;0;agree_joint_controller::homing_control@699;"MOVING BACK FROM ENDSTOP..."
2023/02/02;16:08:39.151;WARN;9469;0;agree_joint_controller::homing_control@699;"MOVING BACK FROM ENDSTOP..."
2023/02/02;16:08:39.152;WARN;9469;0;agree_joint_controller::homing_control@699;"MOVING BACK FROM ENDSTOP..."
2023/02/02;16:08:39.153;WARN;9469;0;agree_joint_controller::homing_control@699;"MOVING BACK FROM ENDSTOP..."
2023/02/02;16:08:39.154;WARN;9469;0;agree_joint_controller::homing_control@699;"MOVING BACK FROM ENDSTOP..."
2023/02/02;16:08:39.155;WARN;9469;0;agree_joint_controller::homing_control@699;"MOVING BACK FROM ENDSTOP..."
2023/02/02;16:08:39.156;WARN;9469;0;agree_joint_controller::homing_control@699;"MOVING BACK FROM ENDSTOP..."
2023/02/02;16:08:39.157;WARN;9469;0;agree_joint_controller::homing_control@699;"MOVING BACK FROM ENDSTOP..."
2023/02/02;16:08:39.158;WARN;9469;0;agree_joint_controller::homing_control@699;"MOVING BACK FROM ENDSTOP..."
2023/02/02;16:08:39.159;WARN;9469;0;agree_joint_controller::homing_control@699;"MOVING BACK FROM ENDSTOP..."
2023/02/02;16:08:39.160;WARN;9469;0;agree_joint_controller::homing_control@699;"MOVING BACK FROM ENDSTOP..."
2023/02/02;16:08:39.161;WARN;9469;0;agree_joint_controller::homing_control@699;"MOVING BACK FROM ENDSTOP..."
2023/02/02;16:08:39.162;WARN;9469;0;agree_joint_controller::homing_control@699;"MOVING BACK FROM ENDSTOP..."
2023/02/02;16:08:39.163;WARN;9469;0;agree_joint_controller::homing_control@699;"MOVING BACK FROM ENDSTOP..."
2023/02/02;16:08:39.164;WARN;9469;0;agree_joint_controller::homing_control@699;"MOVING BACK FROM ENDSTOP..."
2023/02/02;16:08:39.165;WARN;9469;0;agree_joint_controller::homing_control@699;"MOVING BACK FROM ENDSTOP..."
2023/02/02;16:08:39.166;WARN;9469;0;agree_joint_controller::homing_control@699;"MOVING BACK FROM ENDSTOP..."
2023/02/02;16:08:39.167;WARN;9469;0;agree_joint_controller::homing_control@699;"MOVING BACK FROM ENDSTOP..."
2023/02/02;16:08:39.168;WARN;9469;0;agree_joint_controller::homing_control@699;"MOVING BACK FROM ENDSTOP..."
2023/02/02;16:08:39.169;WARN;9469;0;agree_joint_controller::homing_control@699;"MOVING BACK FROM ENDSTOP..."
2023/02/02;16:08:39.170;WARN;9469;0;agree_joint_controller::homing_control@699;"MOVING BACK FROM ENDSTOP..."
2023/02/02;16:08:39.171;WARN;9469;0;agree_joint_controller::homing_control@699;"MOVING BACK FROM ENDSTOP..."
2023/02/02;16:08:39.172;WARN;9469;0;agree_joint_controller::homing_control@699;"MOVING BACK FROM ENDSTOP..."
2023/02/02;16:08:39.173;WARN;9469;0;agree_joint_controller::homing_control@699;"MOVING BACK FROM ENDSTOP..."
2023/02/02;16:08:39.174;WARN;9469;0;agree_joint_controller::homing_control@699;"MOVING BACK FROM ENDSTOP..."
2023/02/02;16:08:39.175;WARN;9469;0;agree_joint_controller::homing_control@699;"MOVING BACK FROM ENDSTOP..."
2023/02/02;16:08:39.176;WARN;9469;0;agree_joint_controller::homing_control@699;"MOVING BACK FROM ENDSTOP..."
2023/02/02;16:08:39.177;WARN;9469;0;agree_joint_controller::homing_control@699;"MOVING BACK FROM ENDSTOP..."
2023/02/02;16:08:39.178;WARN;9469;0;agree_joint_controller::homing_control@699;"MOVING BACK FROM ENDSTOP..."
2023/02/02;16:08:39.179;WARN;9469;0;agree_joint_controller::homing_control@699;"MOVING BACK FROM ENDSTOP..."
2023/02/02;16:08:39.180;WARN;9469;0;agree_joint_controller::homing_control@699;"MOVING BACK FROM ENDSTOP..."
2023/02/02;16:08:39.181;WARN;9469;0;agree_joint_controller::homing_control@699;"MOVING BACK FROM ENDSTOP..."
2023/02/02;16:08:39.182;WARN;9469;0;agree_joint_controller::homing_control@699;"MOVING BACK FROM ENDSTOP..."
2023/02/02;16:08:39.183;WARN;9469;0;agree_joint_controller::homing_control@699;"MOVING BACK FROM ENDSTOP..."
2023/02/02;16:08:39.184;WARN;9469;0;agree_joint_controller::homing_control@699;"MOVING BACK FROM ENDSTOP..."
2023/02/02;16:08:39.185;WARN;9469;0;agree_joint_controller::homing_control@699;"MOVING BACK FROM ENDSTOP..."
2023/02/02;16:08:39.186;WARN;9469;0;agree_joint_controller::homing_control@699;"MOVING BACK FROM ENDSTOP..."
2023/02/02;16:08:39.187;WARN;9469;0;agree_joint_controller::homing_control@699;"MOVING BACK FROM ENDSTOP..."
2023/02/02;16:08:39.188;WARN;9469;0;agree_joint_controller::homing_control@699;"MOVING BACK FROM ENDSTOP..."
2023/02/02;16:08:39.189;WARN;9469;0;agree_joint_controller::homing_control@699;"MOVING BACK FROM ENDSTOP..."
2023/02/02;16:08:39.190;WARN;9469;0;agree_joint_controller::homing_control@699;"MOVING BACK FROM ENDSTOP..."
2023/02/02;16:08:39.191;WARN;9469;0;agree_joint_controller::homing_control@699;"MOVING BACK FROM ENDSTOP..."
2023/02/02;16:08:39.192;WARN;9469;0;agree_joint_controller::homing_control@699;"MOVING BACK FROM ENDSTOP..."
2023/02/02;16:08:39.193;WARN;9469;0;agree_joint_controller::homing_control@699;"MOVING BACK FROM ENDSTOP..."
2023/02/02;16:08:39.194;WARN;9469;0;agree_joint_controller::homing_control@699;"MOVING BACK FROM ENDSTOP..."
2023/02/02;16:08:39.195;WARN;9469;0;agree_joint_controller::homing_control@699;"MOVING BACK FROM ENDSTOP..."
2023/02/02;16:08:39.196;WARN;9469;0;agree_joint_controller::homing_control@699;"MOVING BACK FROM ENDSTOP..."
2023/02/02;16:08:39.197;WARN;9469;0;agree_joint_controller::homing_control@699;"MOVING BACK FROM ENDSTOP..."
2023/02/02;16:08:39.198;WARN;9469;0;agree_joint_controller::homing_control@699;"MOVING BACK FROM ENDSTOP..."
2023/02/02;16:08:39.199;WARN;9469;0;agree_joint_controller::homing_control@699;"MOVING BACK FROM ENDSTOP..."
2023/02/02;16:08:39.200;WARN;9469;0;agree_joint_controller::homing_control@699;"MOVING BACK FROM ENDSTOP..."
2023/02/02;16:08:39.201;WARN;9469;0;agree_joint_controller::homing_control@699;"MOVING BACK FROM ENDSTOP..."
2023/02/02;16:08:39.202;WARN;9469;0;agree_joint_controller::homing_control@699;"MOVING BACK FROM ENDSTOP..."
2023/02/02;16:08:39.203;WARN;9469;0;agree_joint_controller::homing_control@699;"MOVING BACK FROM ENDSTOP..."
2023/02/02;16:08:39.204;WARN;9469;0;agree_joint_controller::homing_control@699;"MOVING BACK FROM ENDSTOP..."
2023/02/02;16:08:39.205;WARN;9469;0;agree_joint_controller::homing_control@699;"MOVING BACK FROM ENDSTOP..."
2023/02/02;16:08:39.206;WARN;9469;0;agree_joint_controller::homing_control@699;"MOVING BACK FROM ENDSTOP..."
2023/02/02;16:08:39.207;WARN;9469;0;agree_joint_controller::homing_control@699;"MOVING BACK FROM ENDSTOP..."
2023/02/02;16:08:39.208;WARN;9469;0;agree_joint_controller::homing_control@699;"MOVING BACK FROM ENDSTOP..."
2023/02/02;16:08:39.209;WARN;9469;0;agree_joint_controller::homing_control@699;"MOVING BACK FROM ENDSTOP..."
2023/02/02;16:08:39.210;WARN;9469;0;agree_joint_controller::homing_control@699;"MOVING BACK FROM ENDSTOP..."
2023/02/02;16:08:39.211;WARN;9469;0;agree_joint_controller::homing_control@699;"MOVING BACK FROM ENDSTOP..."
2023/02/02;16:08:39.212;WARN;9469;0;agree_joint_controller::homing_control@699;"MOVING BACK FROM ENDSTOP..."
2023/02/02;16:08:39.213;WARN;9469;0;agree_joint_controller::homing_control@699;"MOVING BACK FROM ENDSTOP..."
2023/02/02;16:08:39.214;WARN;9469;0;agree_joint_controller::homing_control@699;"MOVING BACK FROM ENDSTOP..."
2023/02/02;16:08:39.215;WARN;9469;0;agree_joint_controller::homing_control@699;"MOVING BACK FROM ENDSTOP..."
2023/02/02;16:08:39.216;WARN;9469;0;agree_joint_controller::homing_control@699;"MOVING BACK FROM ENDSTOP..."
2023/02/02;16:08:39.217;WARN;9469;0;agree_joint_controller::homing_control@699;"MOVING BACK FROM ENDSTOP..."
2023/02/02;16:08:39.218;WARN;9469;0;agree_joint_controller::homing_control@699;"MOVING BACK FROM ENDSTOP..."
2023/02/02;16:08:39.219;WARN;9469;0;agree_joint_controller::homing_control@699;"MOVING BACK FROM ENDSTOP..."
2023/02/02;16:08:39.220;WARN;9469;0;agree_joint_controller::homing_control@699;"MOVING BACK FROM ENDSTOP..."
2023/02/02;16:08:39.221;WARN;9469;0;agree_joint_controller::homing_control@699;"MOVING BACK FROM ENDSTOP..."
2023/02/02;16:08:39.222;WARN;9469;0;agree_joint_controller::homing_control@699;"MOVING BACK FROM ENDSTOP..."
2023/02/02;16:08:39.223;WARN;9469;0;agree_joint_controller::homing_control@699;"MOVING BACK FROM ENDSTOP..."
2023/02/02;16:08:39.224;WARN;9469;0;agree_joint_controller::homing_control@699;"MOVING BACK FROM ENDSTOP..."
2023/02/02;16:08:39.225;WARN;9469;0;agree_joint_controller::homing_control@699;"MOVING BACK FROM ENDSTOP..."
2023/02/02;16:08:39.226;WARN;9469;0;agree_joint_controller::homing_control@699;"MOVING BACK FROM ENDSTOP..."
2023/02/02;16:08:39.227;WARN;9469;0;agree_joint_controller::homing_control@699;"MOVING BACK FROM ENDSTOP..."
2023/02/02;16:08:39.228;WARN;9469;0;agree_joint_controller::homing_control@699;"MOVING BACK FROM ENDSTOP..."
2023/02/02;16:08:39.229;WARN;9469;0;agree_joint_controller::homing_control@699;"MOVING BACK FROM ENDSTOP..."
2023/02/02;16:08:39.230;WARN;9469;0;agree_joint_controller::homing_control@699;"MOVING BACK FROM ENDSTOP..."
2023/02/02;16:08:39.231;WARN;9469;0;agree_joint_controller::homing_control@699;"MOVING BACK FROM ENDSTOP..."
2023/02/02;16:08:39.232;WARN;9469;0;agree_joint_controller::homing_control@699;"MOVING BACK FROM ENDSTOP..."
2023/02/02;16:08:39.233;WARN;9469;0;agree_joint_controller::homing_control@699;"MOVING BACK FROM ENDSTOP..."
2023/02/02;16:08:39.234;WARN;9469;0;agree_joint_controller::homing_control@699;"MOVING BACK FROM ENDSTOP..."
2023/02/02;16:08:39.235;WARN;9469;0;agree_joint_controller::homing_control@699;"MOVING BACK FROM ENDSTOP..."
2023/02/02;16:08:39.236;WARN;9469;0;agree_joint_controller::homing_control@699;"MOVING BACK FROM ENDSTOP..."
2023/02/02;16:08:39.237;WARN;9469;0;agree_joint_controller::homing_control@699;"MOVING BACK FROM ENDSTOP..."
2023/02/02;16:08:39.238;WARN;9469;0;agree_joint_controller::homing_control@699;"MOVING BACK FROM ENDSTOP..."
2023/02/02;16:08:39.239;WARN;9469;0;agree_joint_controller::homing_control@699;"MOVING BACK FROM ENDSTOP..."
2023/02/02;16:08:39.240;WARN;9469;0;agree_joint_controller::homing_control@699;"MOVING BACK FROM ENDSTOP..."
2023/02/02;16:08:39.241;WARN;9469;0;agree_joint_controller::homing_control@699;"MOVING BACK FROM ENDSTOP..."
2023/02/02;16:08:39.242;WARN;9469;0;agree_joint_controller::homing_control@699;"MOVING BACK FROM ENDSTOP..."
2023/02/02;16:08:39.243;WARN;9469;0;agree_joint_controller::homing_control@699;"MOVING BACK FROM ENDSTOP..."
2023/02/02;16:08:39.244;WARN;9469;0;agree_joint_controller::homing_control@699;"MOVING BACK FROM ENDSTOP..."
2023/02/02;16:08:39.245;WARN;9469;0;agree_joint_controller::homing_control@699;"MOVING BACK FROM ENDSTOP..."
2023/02/02;16:08:39.246;WARN;9469;0;agree_joint_controller::homing_control@699;"MOVING BACK FROM ENDSTOP..."
2023/02/02;16:08:39.247;WARN;9469;0;agree_joint_controller::homing_control@699;"MOVING BACK FROM ENDSTOP..."
2023/02/02;16:08:39.248;WARN;9469;0;agree_joint_controller::homing_control@699;"MOVING BACK FROM ENDSTOP..."
2023/02/02;16:08:39.249;WARN;9469;0;agree_joint_controller::homing_control@699;"MOVING BACK FROM ENDSTOP..."
2023/02/02;16:08:39.250;WARN;9469;0;agree_joint_controller::homing_control@699;"MOVING BACK FROM ENDSTOP..."
2023/02/02;16:08:39.251;WARN;9469;0;agree_joint_controller::homing_control@699;"MOVING BACK FROM ENDSTOP..."
2023/02/02;16:08:39.252;WARN;9469;0;agree_joint_controller::homing_control@699;"MOVING BACK FROM ENDSTOP..."
2023/02/02;16:08:39.253;WARN;9469;0;agree_joint_controller::homing_control@699;"MOVING BACK FROM ENDSTOP..."
2023/02/02;16:08:39.254;WARN;9469;0;agree_joint_controller::homing_control@699;"MOVING BACK FROM ENDSTOP..."
2023/02/02;16:08:39.255;WARN;9469;0;agree_joint_controller::homing_control@699;"MOVING BACK FROM ENDSTOP..."
2023/02/02;16:08:39.256;WARN;9469;0;agree_joint_controller::homing_control@699;"MOVING BACK FROM ENDSTOP..."
2023/02/02;16:08:39.257;WARN;9469;0;agree_joint_controller::homing_control@699;"MOVING BACK FROM ENDSTOP..."
2023/02/02;16:08:39.258;WARN;9469;0;agree_joint_controller::homing_control@699;"MOVING BACK FROM ENDSTOP..."
2023/02/02;16:08:39.259;WARN;9469;0;agree_joint_controller::homing_control@699;"MOVING BACK FROM ENDSTOP..."
2023/02/02;16:08:39.260;WARN;9469;0;agree_joint_controller::homing_control@699;"MOVING BACK FROM ENDSTOP..."
2023/02/02;16:08:39.261;WARN;9469;0;agree_joint_controller::homing_control@699;"MOVING BACK FROM ENDSTOP..."
2023/02/02;16:08:39.262;WARN;9469;0;agree_joint_controller::homing_control@699;"MOVING BACK FROM ENDSTOP..."
2023/02/02;16:08:39.263;WARN;9469;0;agree_joint_controller::homing_control@699;"MOVING BACK FROM ENDSTOP..."
2023/02/02;16:08:39.264;WARN;9469;0;agree_joint_controller::homing_control@699;"MOVING BACK FROM ENDSTOP..."
2023/02/02;16:08:39.265;WARN;9469;0;agree_joint_controller::homing_control@699;"MOVING BACK FROM ENDSTOP..."
2023/02/02;16:08:39.266;WARN;9469;0;agree_joint_controller::homing_control@699;"MOVING BACK FROM ENDSTOP..."
2023/02/02;16:08:39.267;WARN;9469;0;agree_joint_controller::homing_control@699;"MOVING BACK FROM ENDSTOP..."
2023/02/02;16:08:39.268;WARN;9469;0;agree_joint_controller::homing_control@699;"MOVING BACK FROM ENDSTOP..."
2023/02/02;16:08:39.269;WARN;9469;0;agree_joint_controller::homing_control@699;"MOVING BACK FROM ENDSTOP..."
2023/02/02;16:08:39.270;WARN;9469;0;agree_joint_controller::homing_control@699;"MOVING BACK FROM ENDSTOP..."
2023/02/02;16:08:39.271;WARN;9469;0;agree_joint_controller::homing_control@699;"MOVING BACK FROM ENDSTOP..."
2023/02/02;16:08:39.272;WARN;9469;0;agree_joint_controller::homing_control@699;"MOVING BACK FROM ENDSTOP..."
2023/02/02;16:08:39.273;WARN;9469;0;agree_joint_controller::homing_control@699;"MOVING BACK FROM ENDSTOP..."
2023/02/02;16:08:39.274;WARN;9469;0;agree_joint_controller::homing_control@699;"MOVING BACK FROM ENDSTOP..."
2023/02/02;16:08:39.275;WARN;9469;0;agree_joint_controller::homing_control@699;"MOVING BACK FROM ENDSTOP..."
2023/02/02;16:08:39.276;WARN;9469;0;agree_joint_controller::homing_control@699;"MOVING BACK FROM ENDSTOP..."
2023/02/02;16:08:39.277;WARN;9469;0;agree_joint_controller::homing_control@699;"MOVING BACK FROM ENDSTOP..."
2023/02/02;16:08:39.278;WARN;9469;0;agree_joint_controller::homing_control@699;"MOVING BACK FROM ENDSTOP..."
2023/02/02;16:08:39.279;WARN;9469;0;agree_joint_controller::homing_control@699;"MOVING BACK FROM ENDSTOP..."
2023/02/02;16:08:39.280;WARN;9469;0;agree_joint_controller::homing_control@699;"MOVING BACK FROM ENDSTOP..."
2023/02/02;16:08:39.281;WARN;9469;0;agree_joint_controller::homing_control@699;"MOVING BACK FROM ENDSTOP..."
2023/02/02;16:08:39.282;WARN;9469;0;agree_joint_controller::homing_control@699;"MOVING BACK FROM ENDSTOP..."
2023/02/02;16:08:39.283;WARN;9469;0;agree_joint_controller::homing_control@699;"MOVING BACK FROM ENDSTOP..."
2023/02/02;16:08:39.284;WARN;9469;0;agree_joint_controller::homing_control@699;"MOVING BACK FROM ENDSTOP..."
2023/02/02;16:08:39.285;WARN;9469;0;agree_joint_controller::homing_control@699;"MOVING BACK FROM ENDSTOP..."
2023/02/02;16:08:39.286;WARN;9469;0;agree_joint_controller::homing_control@699;"MOVING BACK FROM ENDSTOP..."
2023/02/02;16:08:39.287;WARN;9469;0;agree_joint_controller::homing_control@699;"MOVING BACK FROM ENDSTOP..."
2023/02/02;16:08:39.288;WARN;9469;0;agree_joint_controller::homing_control@699;"MOVING BACK FROM ENDSTOP..."
2023/02/02;16:08:39.289;WARN;9469;0;agree_joint_controller::homing_control@699;"MOVING BACK FROM ENDSTOP..."
2023/02/02;16:08:39.290;WARN;9469;0;agree_joint_controller::homing_control@699;"MOVING BACK FROM ENDSTOP..."
2023/02/02;16:08:39.291;WARN;9469;0;agree_joint_controller::homing_control@699;"MOVING BACK FROM ENDSTOP..."
2023/02/02;16:08:39.292;WARN;9469;0;agree_joint_controller::homing_control@699;"MOVING BACK FROM ENDSTOP..."
2023/02/02;16:08:39.293;WARN;9469;0;agree_joint_controller::homing_control@699;"MOVING BACK FROM ENDSTOP..."
2023/02/02;16:08:39.294;WARN;9469;0;agree_joint_controller::homing_control@699;"MOVING BACK FROM ENDSTOP..."
2023/02/02;16:08:39.295;WARN;9469;0;agree_joint_controller::homing_control@699;"MOVING BACK FROM ENDSTOP..."
2023/02/02;16:08:39.296;WARN;9469;0;agree_joint_controller::homing_control@699;"MOVING BACK FROM ENDSTOP..."
2023/02/02;16:08:39.297;WARN;9469;0;agree_joint_controller::homing_control@699;"MOVING BACK FROM ENDSTOP..."
2023/02/02;16:08:39.298;WARN;9469;0;agree_joint_controller::homing_control@699;"MOVING BACK FROM ENDSTOP..."
2023/02/02;16:08:39.299;WARN;9469;0;agree_joint_controller::homing_control@699;"MOVING BACK FROM ENDSTOP..."
2023/02/02;16:08:39.300;WARN;9469;0;agree_joint_controller::homing_control@699;"MOVING BACK FROM ENDSTOP..."
2023/02/02;16:08:39.301;WARN;9469;0;agree_joint_controller::homing_control@699;"MOVING BACK FROM ENDSTOP..."
2023/02/02;16:08:39.302;WARN;9469;0;agree_joint_controller::homing_control@699;"MOVING BACK FROM ENDSTOP..."
2023/02/02;16:08:39.303;WARN;9469;0;agree_joint_controller::homing_control@699;"MOVING BACK FROM ENDSTOP..."
2023/02/02;16:08:39.304;WARN;9469;0;agree_joint_controller::homing_control@699;"MOVING BACK FROM ENDSTOP..."
2023/02/02;16:08:39.305;WARN;9469;0;agree_joint_controller::homing_control@699;"MOVING BACK FROM ENDSTOP..."
2023/02/02;16:08:39.306;WARN;9469;0;agree_joint_controller::homing_control@699;"MOVING BACK FROM ENDSTOP..."
2023/02/02;16:08:39.307;WARN;9469;0;agree_joint_controller::homing_control@699;"MOVING BACK FROM ENDSTOP..."
2023/02/02;16:08:39.308;WARN;9469;0;agree_joint_controller::homing_control@699;"MOVING BACK FROM ENDSTOP..."
2023/02/02;16:08:39.309;WARN;9469;0;agree_joint_controller::homing_control@699;"MOVING BACK FROM ENDSTOP..."
2023/02/02;16:08:39.310;WARN;9469;0;agree_joint_controller::homing_control@699;"MOVING BACK FROM ENDSTOP..."
2023/02/02;16:08:39.311;WARN;9469;0;agree_joint_controller::homing_control@699;"MOVING BACK FROM ENDSTOP..."
2023/02/02;16:08:39.312;WARN;9469;0;agree_joint_controller::homing_control@699;"MOVING BACK FROM ENDSTOP..."
2023/02/02;16:08:39.313;WARN;9469;0;agree_joint_controller::homing_control@699;"MOVING BACK FROM ENDSTOP..."
2023/02/02;16:08:39.314;WARN;9469;0;agree_joint_controller::homing_control@699;"MOVING BACK FROM ENDSTOP..."
2023/02/02;16:08:39.315;WARN;9469;0;agree_joint_controller::homing_control@699;"MOVING BACK FROM ENDSTOP..."
2023/02/02;16:08:39.316;WARN;9469;0;agree_joint_controller::homing_control@699;"MOVING BACK FROM ENDSTOP..."
2023/02/02;16:08:39.317;WARN;9469;0;agree_joint_controller::homing_control@699;"MOVING BACK FROM ENDSTOP..."
2023/02/02;16:08:39.318;WARN;9469;0;agree_joint_controller::homing_control@699;"MOVING BACK FROM ENDSTOP..."
2023/02/02;16:08:39.319;WARN;9469;0;agree_joint_controller::homing_control@699;"MOVING BACK FROM ENDSTOP..."
2023/02/02;16:08:39.320;WARN;9469;0;agree_joint_controller::homing_control@699;"MOVING BACK FROM ENDSTOP..."
2023/02/02;16:08:39.321;WARN;9469;0;agree_joint_controller::homing_control@699;"MOVING BACK FROM ENDSTOP..."
2023/02/02;16:08:39.322;WARN;9469;0;agree_joint_controller::homing_control@699;"MOVING BACK FROM ENDSTOP..."
2023/02/02;16:08:39.323;WARN;9469;0;agree_joint_controller::homing_control@699;"MOVING BACK FROM ENDSTOP..."
2023/02/02;16:08:39.324;WARN;9469;0;agree_joint_controller::homing_control@699;"MOVING BACK FROM ENDSTOP..."
2023/02/02;16:08:39.325;WARN;9469;0;agree_joint_controller::homing_control@699;"MOVING BACK FROM ENDSTOP..."
2023/02/02;16:08:39.326;WARN;9469;0;agree_joint_controller::homing_control@699;"MOVING BACK FROM ENDSTOP..."
2023/02/02;16:08:39.327;WARN;9469;0;agree_joint_controller::homing_control@699;"MOVING BACK FROM ENDSTOP..."
2023/02/02;16:08:39.328;WARN;9469;0;agree_joint_controller::homing_control@699;"MOVING BACK FROM ENDSTOP..."
2023/02/02;16:08:39.329;WARN;9469;0;agree_joint_controller::homing_control@699;"MOVING BACK FROM ENDSTOP..."
2023/02/02;16:08:39.330;WARN;9469;0;agree_joint_controller::homing_control@699;"MOVING BACK FROM ENDSTOP..."
2023/02/02;16:08:39.331;WARN;9469;0;agree_joint_controller::homing_control@699;"MOVING BACK FROM ENDSTOP..."
2023/02/02;16:08:39.332;WARN;9469;0;agree_joint_controller::homing_control@699;"MOVING BACK FROM ENDSTOP..."
2023/02/02;16:08:39.333;WARN;9469;0;agree_joint_controller::homing_control@699;"MOVING BACK FROM ENDSTOP..."
2023/02/02;16:08:39.334;WARN;9469;0;agree_joint_controller::homing_control@699;"MOVING BACK FROM ENDSTOP..."
2023/02/02;16:08:39.335;WARN;9469;0;agree_joint_controller::homing_control@699;"MOVING BACK FROM ENDSTOP..."
2023/02/02;16:08:39.336;WARN;9469;0;agree_joint_controller::homing_control@699;"MOVING BACK FROM ENDSTOP..."
2023/02/02;16:08:39.337;WARN;9469;0;agree_joint_controller::homing_control@699;"MOVING BACK FROM ENDSTOP..."
2023/02/02;16:08:39.338;WARN;9469;0;agree_joint_controller::homing_control@699;"MOVING BACK FROM ENDSTOP..."
2023/02/02;16:08:39.339;WARN;9469;0;agree_joint_controller::homing_control@699;"MOVING BACK FROM ENDSTOP..."
2023/02/02;16:08:39.340;WARN;9469;0;agree_joint_controller::homing_control@699;"MOVING BACK FROM ENDSTOP..."
2023/02/02;16:08:39.341;WARN;9469;0;agree_joint_controller::homing_control@699;"MOVING BACK FROM ENDSTOP..."
2023/02/02;16:08:39.342;WARN;9469;0;agree_joint_controller::homing_control@699;"MOVING BACK FROM ENDSTOP..."
2023/02/02;16:08:39.343;WARN;9469;0;agree_joint_controller::homing_control@699;"MOVING BACK FROM ENDSTOP..."
2023/02/02;16:08:39.344;WARN;9469;0;agree_joint_controller::homing_control@699;"MOVING BACK FROM ENDSTOP..."
2023/02/02;16:08:39.345;WARN;9469;0;agree_joint_controller::homing_control@699;"MOVING BACK FROM ENDSTOP..."
2023/02/02;16:08:39.346;WARN;9469;0;agree_joint_controller::homing_control@699;"MOVING BACK FROM ENDSTOP..."
2023/02/02;16:08:39.347;WARN;9469;0;agree_joint_controller::homing_control@699;"MOVING BACK FROM ENDSTOP..."
2023/02/02;16:08:39.348;WARN;9469;0;agree_joint_controller::homing_control@699;"MOVING BACK FROM ENDSTOP..."
2023/02/02;16:08:39.349;WARN;9469;0;agree_joint_controller::homing_control@699;"MOVING BACK FROM ENDSTOP..."
2023/02/02;16:08:39.350;WARN;9469;0;agree_joint_controller::homing_control@699;"MOVING BACK FROM ENDSTOP..."
2023/02/02;16:08:39.351;WARN;9469;0;agree_joint_controller::homing_control@699;"MOVING BACK FROM ENDSTOP..."
2023/02/02;16:08:39.352;WARN;9469;0;agree_joint_controller::homing_control@699;"MOVING BACK FROM ENDSTOP..."
2023/02/02;16:08:39.353;WARN;9469;0;agree_joint_controller::homing_control@699;"MOVING BACK FROM ENDSTOP..."
2023/02/02;16:08:39.354;WARN;9469;0;agree_joint_controller::homing_control@699;"MOVING BACK FROM ENDSTOP..."
2023/02/02;16:08:39.355;WARN;9469;0;agree_joint_controller::homing_control@699;"MOVING BACK FROM ENDSTOP..."
2023/02/02;16:08:39.356;WARN;9469;0;agree_joint_controller::homing_control@699;"MOVING BACK FROM ENDSTOP..."
2023/02/02;16:08:39.357;WARN;9469;0;agree_joint_controller::homing_control@699;"MOVING BACK FROM ENDSTOP..."
2023/02/02;16:08:39.358;WARN;9469;0;agree_joint_controller::homing_control@699;"MOVING BACK FROM ENDSTOP..."
2023/02/02;16:08:39.359;WARN;9469;0;agree_joint_controller::homing_control@699;"MOVING BACK FROM ENDSTOP..."
2023/02/02;16:08:39.360;WARN;9469;0;agree_joint_controller::homing_control@699;"MOVING BACK FROM ENDSTOP..."
2023/02/02;16:08:39.361;WARN;9469;0;agree_joint_controller::homing_control@699;"MOVING BACK FROM ENDSTOP..."
2023/02/02;16:08:39.362;WARN;9469;0;agree_joint_controller::homing_control@699;"MOVING BACK FROM ENDSTOP..."
2023/02/02;16:08:39.363;WARN;9469;0;agree_joint_controller::homing_control@699;"MOVING BACK FROM ENDSTOP..."
2023/02/02;16:08:39.364;WARN;9469;0;agree_joint_controller::homing_control@699;"MOVING BACK FROM ENDSTOP..."
2023/02/02;16:08:39.365;WARN;9469;0;agree_joint_controller::homing_control@699;"MOVING BACK FROM ENDSTOP..."
2023/02/02;16:08:39.366;WARN;9469;0;agree_joint_controller::homing_control@699;"MOVING BACK FROM ENDSTOP..."
2023/02/02;16:08:39.367;WARN;9469;0;agree_joint_controller::homing_control@699;"MOVING BACK FROM ENDSTOP..."
2023/02/02;16:08:39.368;WARN;9469;0;agree_joint_controller::homing_control@699;"MOVING BACK FROM ENDSTOP..."
2023/02/02;16:08:39.369;WARN;9469;0;agree_joint_controller::homing_control@699;"MOVING BACK FROM ENDSTOP..."
2023/02/02;16:08:39.370;WARN;9469;0;agree_joint_controller::homing_control@699;"MOVING BACK FROM ENDSTOP..."
2023/02/02;16:08:39.371;WARN;9469;0;agree_joint_controller::homing_control@699;"MOVING BACK FROM ENDSTOP..."
2023/02/02;16:08:39.372;WARN;9469;0;agree_joint_controller::homing_control@699;"MOVING BACK FROM ENDSTOP..."
2023/02/02;16:08:39.373;WARN;9469;0;agree_joint_controller::homing_control@699;"MOVING BACK FROM ENDSTOP..."
2023/02/02;16:08:39.374;WARN;9469;0;agree_joint_controller::homing_control@699;"MOVING BACK FROM ENDSTOP..."
2023/02/02;16:08:39.375;WARN;9469;0;agree_joint_controller::homing_control@699;"MOVING BACK FROM ENDSTOP..."
2023/02/02;16:08:39.376;WARN;9469;0;agree_joint_controller::homing_control@699;"MOVING BACK FROM ENDSTOP..."
2023/02/02;16:08:39.377;WARN;9469;0;agree_joint_controller::homing_control@699;"MOVING BACK FROM ENDSTOP..."
2023/02/02;16:08:39.378;WARN;9469;0;agree_joint_controller::homing_control@699;"MOVING BACK FROM ENDSTOP..."
2023/02/02;16:08:39.379;WARN;9469;0;agree_joint_controller::homing_control@699;"MOVING BACK FROM ENDSTOP..."
2023/02/02;16:08:39.380;WARN;9469;0;agree_joint_controller::homing_control@699;"MOVING BACK FROM ENDSTOP..."
2023/02/02;16:08:39.381;WARN;9469;0;agree_joint_controller::homing_control@699;"MOVING BACK FROM ENDSTOP..."
2023/02/02;16:08:39.382;WARN;9469;0;agree_joint_controller::homing_control@699;"MOVING BACK FROM ENDSTOP..."
2023/02/02;16:08:39.383;WARN;9469;0;agree_joint_controller::homing_control@699;"MOVING BACK FROM ENDSTOP..."
2023/02/02;16:08:39.384;WARN;9469;0;agree_joint_controller::homing_control@699;"MOVING BACK FROM ENDSTOP..."
2023/02/02;16:08:39.385;WARN;9469;0;agree_joint_controller::homing_control@699;"MOVING BACK FROM ENDSTOP..."
2023/02/02;16:08:39.386;WARN;9469;0;agree_joint_controller::homing_control@699;"MOVING BACK FROM ENDSTOP..."
2023/02/02;16:08:39.387;WARN;9469;0;agree_joint_controller::homing_control@699;"MOVING BACK FROM ENDSTOP..."
2023/02/02;16:08:39.388;WARN;9469;0;agree_joint_controller::homing_control@699;"MOVING BACK FROM ENDSTOP..."
2023/02/02;16:08:39.389;WARN;9469;0;agree_joint_controller::homing_control@699;"MOVING BACK FROM ENDSTOP..."
2023/02/02;16:08:39.390;WARN;9469;0;agree_joint_controller::homing_control@699;"MOVING BACK FROM ENDSTOP..."
2023/02/02;16:08:39.391;WARN;9469;0;agree_joint_controller::homing_control@699;"MOVING BACK FROM ENDSTOP..."
2023/02/02;16:08:39.392;WARN;9469;0;agree_joint_controller::homing_control@699;"MOVING BACK FROM ENDSTOP..."
2023/02/02;16:08:39.393;WARN;9469;0;agree_joint_controller::homing_control@699;"MOVING BACK FROM ENDSTOP..."
2023/02/02;16:08:39.394;WARN;9469;0;agree_joint_controller::homing_control@699;"MOVING BACK FROM ENDSTOP..."
2023/02/02;16:08:39.395;WARN;9469;0;agree_joint_controller::homing_control@699;"MOVING BACK FROM ENDSTOP..."
2023/02/02;16:08:39.396;WARN;9469;0;agree_joint_controller::homing_control@699;"MOVING BACK FROM ENDSTOP..."
2023/02/02;16:08:39.397;WARN;9469;0;agree_joint_controller::homing_control@699;"MOVING BACK FROM ENDSTOP..."
2023/02/02;16:08:39.398;WARN;9469;0;agree_joint_controller::homing_control@699;"MOVING BACK FROM ENDSTOP..."
2023/02/02;16:08:39.399;WARN;9469;0;agree_joint_controller::homing_control@699;"MOVING BACK FROM ENDSTOP..."
2023/02/02;16:08:39.400;WARN;9469;0;agree_joint_controller::homing_control@699;"MOVING BACK FROM ENDSTOP..."
2023/02/02;16:08:39.401;WARN;9469;0;agree_joint_controller::homing_control@699;"MOVING BACK FROM ENDSTOP..."
2023/02/02;16:08:39.402;WARN;9469;0;agree_joint_controller::homing_control@699;"MOVING BACK FROM ENDSTOP..."
2023/02/02;16:08:39.403;WARN;9469;0;agree_joint_controller::homing_control@699;"MOVING BACK FROM ENDSTOP..."
2023/02/02;16:08:39.404;WARN;9469;0;agree_joint_controller::homing_control@699;"MOVING BACK FROM ENDSTOP..."
2023/02/02;16:08:39.405;WARN;9469;0;agree_joint_controller::homing_control@699;"MOVING BACK FROM ENDSTOP..."
2023/02/02;16:08:39.406;WARN;9469;0;agree_joint_controller::homing_control@699;"MOVING BACK FROM ENDSTOP..."
2023/02/02;16:08:39.407;WARN;9469;0;agree_joint_controller::homing_control@699;"MOVING BACK FROM ENDSTOP..."
2023/02/02;16:08:39.408;WARN;9469;0;agree_joint_controller::homing_control@699;"MOVING BACK FROM ENDSTOP..."
2023/02/02;16:08:39.409;WARN;9469;0;agree_joint_controller::homing_control@699;"MOVING BACK FROM ENDSTOP..."
2023/02/02;16:08:39.410;WARN;9469;0;agree_joint_controller::homing_control@699;"MOVING BACK FROM ENDSTOP..."
2023/02/02;16:08:39.411;WARN;9469;0;agree_joint_controller::homing_control@699;"MOVING BACK FROM ENDSTOP..."
2023/02/02;16:08:39.412;WARN;9469;0;agree_joint_controller::homing_control@699;"MOVING BACK FROM ENDSTOP..."
2023/02/02;16:08:39.413;WARN;9469;0;agree_joint_controller::homing_control@699;"MOVING BACK FROM ENDSTOP..."
2023/02/02;16:08:39.414;WARN;9469;0;agree_joint_controller::homing_control@699;"MOVING BACK FROM ENDSTOP..."
2023/02/02;16:08:39.415;WARN;9469;0;agree_joint_controller::homing_control@699;"MOVING BACK FROM ENDSTOP..."
2023/02/02;16:08:39.416;WARN;9469;0;agree_joint_controller::homing_control@699;"MOVING BACK FROM ENDSTOP..."
2023/02/02;16:08:39.417;WARN;9469;0;agree_joint_controller::homing_control@699;"MOVING BACK FROM ENDSTOP..."
2023/02/02;16:08:39.418;WARN;9469;0;agree_joint_controller::homing_control@699;"MOVING BACK FROM ENDSTOP..."
2023/02/02;16:08:39.419;WARN;9469;0;agree_joint_controller::homing_control@699;"MOVING BACK FROM ENDSTOP..."
2023/02/02;16:08:39.420;WARN;9469;0;agree_joint_controller::homing_control@699;"MOVING BACK FROM ENDSTOP..."
2023/02/02;16:08:39.421;WARN;9469;0;agree_joint_controller::homing_control@699;"MOVING BACK FROM ENDSTOP..."
2023/02/02;16:08:39.422;WARN;9469;0;agree_joint_controller::homing_control@699;"MOVING BACK FROM ENDSTOP..."
2023/02/02;16:08:39.423;WARN;9469;0;agree_joint_controller::homing_control@699;"MOVING BACK FROM ENDSTOP..."
2023/02/02;16:08:39.424;WARN;9469;0;agree_joint_controller::homing_control@699;"MOVING BACK FROM ENDSTOP..."
2023/02/02;16:08:39.425;WARN;9469;0;agree_joint_controller::homing_control@699;"MOVING BACK FROM ENDSTOP..."
2023/02/02;16:08:39.426;WARN;9469;0;agree_joint_controller::homing_control@699;"MOVING BACK FROM ENDSTOP..."
2023/02/02;16:08:39.427;WARN;9469;0;agree_joint_controller::homing_control@699;"MOVING BACK FROM ENDSTOP..."
2023/02/02;16:08:39.428;WARN;9469;0;agree_joint_controller::homing_control@699;"MOVING BACK FROM ENDSTOP..."
2023/02/02;16:08:39.429;WARN;9469;0;agree_joint_controller::homing_control@699;"MOVING BACK FROM ENDSTOP..."
2023/02/02;16:08:39.430;WARN;9469;0;agree_joint_controller::homing_control@699;"MOVING BACK FROM ENDSTOP..."
2023/02/02;16:08:39.431;WARN;9469;0;agree_joint_controller::homing_control@699;"MOVING BACK FROM ENDSTOP..."
2023/02/02;16:08:39.432;WARN;9469;0;agree_joint_controller::homing_control@699;"MOVING BACK FROM ENDSTOP..."
2023/02/02;16:08:39.433;WARN;9469;0;agree_joint_controller::homing_control@699;"MOVING BACK FROM ENDSTOP..."
2023/02/02;16:08:39.434;WARN;9469;0;agree_joint_controller::homing_control@699;"MOVING BACK FROM ENDSTOP..."
2023/02/02;16:08:39.435;WARN;9469;0;agree_joint_controller::homing_control@699;"MOVING BACK FROM ENDSTOP..."
2023/02/02;16:08:39.436;WARN;9469;0;agree_joint_controller::homing_control@699;"MOVING BACK FROM ENDSTOP..."
2023/02/02;16:08:39.437;WARN;9469;0;agree_joint_controller::homing_control@699;"MOVING BACK FROM ENDSTOP..."
2023/02/02;16:08:39.438;WARN;9469;0;agree_joint_controller::homing_control@699;"MOVING BACK FROM ENDSTOP..."
2023/02/02;16:08:39.439;WARN;9469;0;agree_joint_controller::homing_control@699;"MOVING BACK FROM ENDSTOP..."
2023/02/02;16:08:39.440;WARN;9469;0;agree_joint_controller::homing_control@699;"MOVING BACK FROM ENDSTOP..."
2023/02/02;16:08:39.441;WARN;9469;0;agree_joint_controller::homing_control@699;"MOVING BACK FROM ENDSTOP..."
2023/02/02;16:08:39.442;WARN;9469;0;agree_joint_controller::homing_control@699;"MOVING BACK FROM ENDSTOP..."
2023/02/02;16:08:39.443;WARN;9469;0;agree_joint_controller::homing_control@699;"MOVING BACK FROM ENDSTOP..."
2023/02/02;16:08:39.444;WARN;9469;0;agree_joint_controller::homing_control@699;"MOVING BACK FROM ENDSTOP..."
2023/02/02;16:08:39.445;WARN;9469;0;agree_joint_controller::homing_control@699;"MOVING BACK FROM ENDSTOP..."
2023/02/02;16:08:39.446;WARN;9469;0;agree_joint_controller::homing_control@699;"MOVING BACK FROM ENDSTOP..."
2023/02/02;16:08:39.447;WARN;9469;0;agree_joint_controller::homing_control@699;"MOVING BACK FROM ENDSTOP..."
2023/02/02;16:08:39.448;WARN;9469;0;agree_joint_controller::homing_control@699;"MOVING BACK FROM ENDSTOP..."
2023/02/02;16:08:39.449;WARN;9469;0;agree_joint_controller::homing_control@699;"MOVING BACK FROM ENDSTOP..."
2023/02/02;16:08:39.450;WARN;9469;0;agree_joint_controller::homing_control@699;"MOVING BACK FROM ENDSTOP..."
2023/02/02;16:08:39.451;WARN;9469;0;agree_joint_controller::homing_control@699;"MOVING BACK FROM ENDSTOP..."
2023/02/02;16:08:39.452;WARN;9469;0;agree_joint_controller::homing_control@699;"MOVING BACK FROM ENDSTOP..."
2023/02/02;16:08:39.453;WARN;9469;0;agree_joint_controller::homing_control@699;"MOVING BACK FROM ENDSTOP..."
2023/02/02;16:08:39.454;WARN;9469;0;agree_joint_controller::homing_control@699;"MOVING BACK FROM ENDSTOP..."
2023/02/02;16:08:39.455;WARN;9469;0;agree_joint_controller::homing_control@699;"MOVING BACK FROM ENDSTOP..."
2023/02/02;16:08:39.456;WARN;9469;0;agree_joint_controller::homing_control@699;"MOVING BACK FROM ENDSTOP..."
2023/02/02;16:08:39.457;WARN;9469;0;agree_joint_controller::homing_control@699;"MOVING BACK FROM ENDSTOP..."
2023/02/02;16:08:39.458;WARN;9469;0;agree_joint_controller::homing_control@699;"MOVING BACK FROM ENDSTOP..."
2023/02/02;16:08:39.459;WARN;9469;0;agree_joint_controller::homing_control@699;"MOVING BACK FROM ENDSTOP..."
2023/02/02;16:08:39.460;WARN;9469;0;agree_joint_controller::homing_control@699;"MOVING BACK FROM ENDSTOP..."
2023/02/02;16:08:39.461;WARN;9469;0;agree_joint_controller::homing_control@699;"MOVING BACK FROM ENDSTOP..."
2023/02/02;16:08:39.462;WARN;9469;0;agree_joint_controller::homing_control@699;"MOVING BACK FROM ENDSTOP..."
2023/02/02;16:08:39.463;WARN;9469;0;agree_joint_controller::homing_control@699;"MOVING BACK FROM ENDSTOP..."
2023/02/02;16:08:39.464;WARN;9469;0;agree_joint_controller::homing_control@699;"MOVING BACK FROM ENDSTOP..."
2023/02/02;16:08:39.465;WARN;9469;0;agree_joint_controller::homing_control@699;"MOVING BACK FROM ENDSTOP..."
2023/02/02;16:08:39.466;WARN;9469;0;agree_joint_controller::homing_control@699;"MOVING BACK FROM ENDSTOP..."
2023/02/02;16:08:39.467;WARN;9469;0;agree_joint_controller::homing_control@699;"MOVING BACK FROM ENDSTOP..."
2023/02/02;16:08:39.468;WARN;9469;0;agree_joint_controller::homing_control@699;"MOVING BACK FROM ENDSTOP..."
2023/02/02;16:08:39.469;WARN;9469;0;agree_joint_controller::homing_control@699;"MOVING BACK FROM ENDSTOP..."
2023/02/02;16:08:39.470;WARN;9469;0;agree_joint_controller::homing_control@699;"MOVING BACK FROM ENDSTOP..."
2023/02/02;16:08:39.471;WARN;9469;0;agree_joint_controller::homing_control@699;"MOVING BACK FROM ENDSTOP..."
2023/02/02;16:08:39.472;WARN;9469;0;agree_joint_controller::homing_control@699;"MOVING BACK FROM ENDSTOP..."
2023/02/02;16:08:39.473;WARN;9469;0;agree_joint_controller::homing_control@699;"MOVING BACK FROM ENDSTOP..."
2023/02/02;16:08:39.474;WARN;9469;0;agree_joint_controller::homing_control@699;"MOVING BACK FROM ENDSTOP..."
2023/02/02;16:08:39.475;WARN;9469;0;agree_joint_controller::homing_control@699;"MOVING BACK FROM ENDSTOP..."
2023/02/02;16:08:39.476;WARN;9469;0;agree_joint_controller::homing_control@699;"MOVING BACK FROM ENDSTOP..."
2023/02/02;16:08:39.477;WARN;9469;0;agree_joint_controller::homing_control@699;"MOVING BACK FROM ENDSTOP..."
2023/02/02;16:08:39.478;WARN;9469;0;agree_joint_controller::homing_control@699;"MOVING BACK FROM ENDSTOP..."
2023/02/02;16:08:39.479;WARN;9469;0;agree_joint_controller::homing_control@699;"MOVING BACK FROM ENDSTOP..."
2023/02/02;16:08:39.480;WARN;9469;0;agree_joint_controller::homing_control@699;"MOVING BACK FROM ENDSTOP..."
2023/02/02;16:08:39.481;WARN;9469;0;agree_joint_controller::homing_control@699;"MOVING BACK FROM ENDSTOP..."
2023/02/02;16:08:39.482;WARN;9469;0;agree_joint_controller::homing_control@699;"MOVING BACK FROM ENDSTOP..."
2023/02/02;16:08:39.483;WARN;9469;0;agree_joint_controller::homing_control@699;"MOVING BACK FROM ENDSTOP..."
2023/02/02;16:08:39.484;WARN;9469;0;agree_joint_controller::homing_control@699;"MOVING BACK FROM ENDSTOP..."
2023/02/02;16:08:39.485;WARN;9469;0;agree_joint_controller::homing_control@699;"MOVING BACK FROM ENDSTOP..."
2023/02/02;16:08:39.486;WARN;9469;0;agree_joint_controller::homing_control@699;"MOVING BACK FROM ENDSTOP..."
2023/02/02;16:08:39.487;WARN;9469;0;agree_joint_controller::homing_control@699;"MOVING BACK FROM ENDSTOP..."
2023/02/02;16:08:39.488;WARN;9469;0;agree_joint_controller::homing_control@699;"MOVING BACK FROM ENDSTOP..."
2023/02/02;16:08:39.489;WARN;9469;0;agree_joint_controller::homing_control@699;"MOVING BACK FROM ENDSTOP..."
2023/02/02;16:08:39.490;WARN;9469;0;agree_joint_controller::homing_control@699;"MOVING BACK FROM ENDSTOP..."
2023/02/02;16:08:39.491;WARN;9469;0;agree_joint_controller::homing_control@699;"MOVING BACK FROM ENDSTOP..."
2023/02/02;16:08:39.492;WARN;9469;0;agree_joint_controller::homing_control@699;"MOVING BACK FROM ENDSTOP..."
2023/02/02;16:08:39.493;WARN;9469;0;agree_joint_controller::homing_control@699;"MOVING BACK FROM ENDSTOP..."
2023/02/02;16:08:39.494;WARN;9469;0;agree_joint_controller::homing_control@699;"MOVING BACK FROM ENDSTOP..."
2023/02/02;16:08:39.495;WARN;9469;0;agree_joint_controller::homing_control@699;"MOVING BACK FROM ENDSTOP..."
2023/02/02;16:08:39.496;WARN;9469;0;agree_joint_controller::homing_control@699;"MOVING BACK FROM ENDSTOP..."
2023/02/02;16:08:39.497;WARN;9469;0;agree_joint_controller::homing_control@699;"MOVING BACK FROM ENDSTOP..."
2023/02/02;16:08:39.498;WARN;9469;0;agree_joint_controller::homing_control@699;"MOVING BACK FROM ENDSTOP..."
2023/02/02;16:08:39.499;WARN;9469;0;agree_joint_controller::homing_control@699;"MOVING BACK FROM ENDSTOP..."
2023/02/02;16:08:39.500;WARN;9469;0;agree_joint_controller::homing_control@699;"MOVING BACK FROM ENDSTOP..."
2023/02/02;16:08:39.501;WARN;9469;0;agree_joint_controller::homing_control@699;"MOVING BACK FROM ENDSTOP..."
2023/02/02;16:08:39.502;WARN;9469;0;agree_joint_controller::homing_control@699;"MOVING BACK FROM ENDSTOP..."
2023/02/02;16:08:39.503;WARN;9469;0;agree_joint_controller::homing_control@699;"MOVING BACK FROM ENDSTOP..."
2023/02/02;16:08:39.504;WARN;9469;0;agree_joint_controller::homing_control@699;"MOVING BACK FROM ENDSTOP..."
2023/02/02;16:08:39.505;WARN;9469;0;agree_joint_controller::homing_control@699;"MOVING BACK FROM ENDSTOP..."
2023/02/02;16:08:39.506;WARN;9469;0;agree_joint_controller::homing_control@699;"MOVING BACK FROM ENDSTOP..."
2023/02/02;16:08:39.507;WARN;9469;0;agree_joint_controller::homing_control@699;"MOVING BACK FROM ENDSTOP..."
2023/02/02;16:08:39.508;WARN;9469;0;agree_joint_controller::homing_control@699;"MOVING BACK FROM ENDSTOP..."
2023/02/02;16:08:39.509;WARN;9469;0;agree_joint_controller::homing_control@699;"MOVING BACK FROM ENDSTOP..."
2023/02/02;16:08:39.510;WARN;9469;0;agree_joint_controller::homing_control@699;"MOVING BACK FROM ENDSTOP..."
2023/02/02;16:08:39.511;WARN;9469;0;agree_joint_controller::homing_control@699;"MOVING BACK FROM ENDSTOP..."
2023/02/02;16:08:39.512;WARN;9469;0;agree_joint_controller::homing_control@699;"MOVING BACK FROM ENDSTOP..."
2023/02/02;16:08:39.513;WARN;9469;0;agree_joint_controller::homing_control@699;"MOVING BACK FROM ENDSTOP..."
2023/02/02;16:08:39.514;WARN;9469;0;agree_joint_controller::homing_control@699;"MOVING BACK FROM ENDSTOP..."
2023/02/02;16:08:39.515;WARN;9469;0;agree_joint_controller::homing_control@699;"MOVING BACK FROM ENDSTOP..."
2023/02/02;16:08:39.516;WARN;9469;0;agree_joint_controller::homing_control@699;"MOVING BACK FROM ENDSTOP..."
2023/02/02;16:08:39.517;WARN;9469;0;agree_joint_controller::homing_control@699;"MOVING BACK FROM ENDSTOP..."
2023/02/02;16:08:39.518;WARN;9469;0;agree_joint_controller::homing_control@699;"MOVING BACK FROM ENDSTOP..."
2023/02/02;16:08:39.519;WARN;9469;0;agree_joint_controller::homing_control@699;"MOVING BACK FROM ENDSTOP..."
2023/02/02;16:08:39.520;WARN;9469;0;agree_joint_controller::homing_control@699;"MOVING BACK FROM ENDSTOP..."
2023/02/02;16:08:39.521;WARN;9469;0;agree_joint_controller::homing_control@699;"MOVING BACK FROM ENDSTOP..."
2023/02/02;16:08:39.522;WARN;9469;0;agree_joint_controller::homing_control@699;"MOVING BACK FROM ENDSTOP..."
2023/02/02;16:08:39.523;WARN;9469;0;agree_joint_controller::homing_control@699;"MOVING BACK FROM ENDSTOP..."
2023/02/02;16:08:39.524;WARN;9469;0;agree_joint_controller::homing_control@699;"MOVING BACK FROM ENDSTOP..."
2023/02/02;16:08:39.525;WARN;9469;0;agree_joint_controller::homing_control@699;"MOVING BACK FROM ENDSTOP..."
2023/02/02;16:08:39.526;WARN;9469;0;agree_joint_controller::homing_control@699;"MOVING BACK FROM ENDSTOP..."
2023/02/02;16:08:39.527;WARN;9469;0;agree_joint_controller::homing_control@699;"MOVING BACK FROM ENDSTOP..."
2023/02/02;16:08:39.528;WARN;9469;0;agree_joint_controller::homing_control@699;"MOVING BACK FROM ENDSTOP..."
2023/02/02;16:08:39.529;WARN;9469;0;agree_joint_controller::homing_control@699;"MOVING BACK FROM ENDSTOP..."
2023/02/02;16:08:39.530;WARN;9469;0;agree_joint_controller::homing_control@699;"MOVING BACK FROM ENDSTOP..."
2023/02/02;16:08:39.531;WARN;9469;0;agree_joint_controller::homing_control@699;"MOVING BACK FROM ENDSTOP..."
2023/02/02;16:08:39.532;WARN;9469;0;agree_joint_controller::homing_control@699;"MOVING BACK FROM ENDSTOP..."
2023/02/02;16:08:39.533;WARN;9469;0;agree_joint_controller::homing_control@699;"MOVING BACK FROM ENDSTOP..."
2023/02/02;16:08:39.534;WARN;9469;0;agree_joint_controller::homing_control@699;"MOVING BACK FROM ENDSTOP..."
2023/02/02;16:08:39.535;WARN;9469;0;agree_joint_controller::homing_control@699;"MOVING BACK FROM ENDSTOP..."
2023/02/02;16:08:39.536;WARN;9469;0;agree_joint_controller::homing_control@699;"MOVING BACK FROM ENDSTOP..."
2023/02/02;16:08:39.537;WARN;9469;0;agree_joint_controller::homing_control@699;"MOVING BACK FROM ENDSTOP..."
2023/02/02;16:08:39.538;WARN;9469;0;agree_joint_controller::homing_control@699;"MOVING BACK FROM ENDSTOP..."
2023/02/02;16:08:39.539;WARN;9469;0;agree_joint_controller::homing_control@699;"MOVING BACK FROM ENDSTOP..."
2023/02/02;16:08:39.540;WARN;9469;0;agree_joint_controller::homing_control@699;"MOVING BACK FROM ENDSTOP..."
2023/02/02;16:08:39.541;WARN;9469;0;agree_joint_controller::homing_control@699;"MOVING BACK FROM ENDSTOP..."
2023/02/02;16:08:39.542;WARN;9469;0;agree_joint_controller::homing_control@699;"MOVING BACK FROM ENDSTOP..."
2023/02/02;16:08:39.543;WARN;9469;0;agree_joint_controller::homing_control@699;"MOVING BACK FROM ENDSTOP..."
2023/02/02;16:08:39.544;WARN;9469;0;agree_joint_controller::homing_control@699;"MOVING BACK FROM ENDSTOP..."
2023/02/02;16:08:39.545;WARN;9469;0;agree_joint_controller::homing_control@699;"MOVING BACK FROM ENDSTOP..."
2023/02/02;16:08:39.546;WARN;9469;0;agree_joint_controller::homing_control@699;"MOVING BACK FROM ENDSTOP..."
2023/02/02;16:08:39.547;WARN;9469;0;agree_joint_controller::homing_control@699;"MOVING BACK FROM ENDSTOP..."
2023/02/02;16:08:39.548;WARN;9469;0;agree_joint_controller::homing_control@699;"MOVING BACK FROM ENDSTOP..."
2023/02/02;16:08:39.549;WARN;9469;0;agree_joint_controller::homing_control@699;"MOVING BACK FROM ENDSTOP..."
2023/02/02;16:08:39.550;WARN;9469;0;agree_joint_controller::homing_control@699;"MOVING BACK FROM ENDSTOP..."
2023/02/02;16:08:39.551;WARN;9469;0;agree_joint_controller::homing_control@699;"MOVING BACK FROM ENDSTOP..."
2023/02/02;16:08:39.552;WARN;9469;0;agree_joint_controller::homing_control@699;"MOVING BACK FROM ENDSTOP..."
2023/02/02;16:08:39.553;WARN;9469;0;agree_joint_controller::homing_control@699;"MOVING BACK FROM ENDSTOP..."
2023/02/02;16:08:39.554;WARN;9469;0;agree_joint_controller::homing_control@699;"MOVING BACK FROM ENDSTOP..."
2023/02/02;16:08:39.555;WARN;9469;0;agree_joint_controller::homing_control@699;"MOVING BACK FROM ENDSTOP..."
2023/02/02;16:08:39.556;WARN;9469;0;agree_joint_controller::homing_control@699;"MOVING BACK FROM ENDSTOP..."
2023/02/02;16:08:39.557;WARN;9469;0;agree_joint_controller::homing_control@699;"MOVING BACK FROM ENDSTOP..."
2023/02/02;16:08:39.558;WARN;9469;0;agree_joint_controller::homing_control@699;"MOVING BACK FROM ENDSTOP..."
2023/02/02;16:08:39.559;WARN;9469;0;agree_joint_controller::homing_control@699;"MOVING BACK FROM ENDSTOP..."
2023/02/02;16:08:39.560;WARN;9469;0;agree_joint_controller::homing_control@699;"MOVING BACK FROM ENDSTOP..."
2023/02/02;16:08:39.561;WARN;9469;0;agree_joint_controller::homing_control@699;"MOVING BACK FROM ENDSTOP..."
2023/02/02;16:08:39.562;WARN;9469;0;agree_joint_controller::homing_control@699;"MOVING BACK FROM ENDSTOP..."
2023/02/02;16:08:39.563;WARN;9469;0;agree_joint_controller::homing_control@699;"MOVING BACK FROM ENDSTOP..."
2023/02/02;16:08:39.564;WARN;9469;0;agree_joint_controller::homing_control@699;"MOVING BACK FROM ENDSTOP..."
2023/02/02;16:08:39.565;WARN;9469;0;agree_joint_controller::homing_control@699;"MOVING BACK FROM ENDSTOP..."
2023/02/02;16:08:39.566;WARN;9469;0;agree_joint_controller::homing_control@699;"MOVING BACK FROM ENDSTOP..."
2023/02/02;16:08:39.567;WARN;9469;0;agree_joint_controller::homing_control@699;"MOVING BACK FROM ENDSTOP..."
2023/02/02;16:08:39.568;WARN;9469;0;agree_joint_controller::homing_control@699;"MOVING BACK FROM ENDSTOP..."
2023/02/02;16:08:39.569;WARN;9469;0;agree_joint_controller::homing_control@699;"MOVING BACK FROM ENDSTOP..."
2023/02/02;16:08:39.570;WARN;9469;0;agree_joint_controller::homing_control@699;"MOVING BACK FROM ENDSTOP..."
2023/02/02;16:08:39.571;WARN;9469;0;agree_joint_controller::homing_control@699;"MOVING BACK FROM ENDSTOP..."
2023/02/02;16:08:39.572;WARN;9469;0;agree_joint_controller::homing_control@699;"MOVING BACK FROM ENDSTOP..."
2023/02/02;16:08:39.573;WARN;9469;0;agree_joint_controller::homing_control@699;"MOVING BACK FROM ENDSTOP..."
2023/02/02;16:08:39.574;WARN;9469;0;agree_joint_controller::homing_control@699;"MOVING BACK FROM ENDSTOP..."
2023/02/02;16:08:39.575;WARN;9469;0;agree_joint_controller::homing_control@699;"MOVING BACK FROM ENDSTOP..."
2023/02/02;16:08:39.576;WARN;9469;0;agree_joint_controller::homing_control@699;"MOVING BACK FROM ENDSTOP..."
2023/02/02;16:08:39.577;WARN;9469;0;agree_joint_controller::homing_control@699;"MOVING BACK FROM ENDSTOP..."
2023/02/02;16:08:39.578;WARN;9469;0;agree_joint_controller::homing_control@699;"MOVING BACK FROM ENDSTOP..."
2023/02/02;16:08:39.579;WARN;9469;0;agree_joint_controller::homing_control@699;"MOVING BACK FROM ENDSTOP..."
2023/02/02;16:08:39.580;WARN;9469;0;agree_joint_controller::homing_control@699;"MOVING BACK FROM ENDSTOP..."
2023/02/02;16:08:39.581;WARN;9469;0;agree_joint_controller::homing_control@699;"MOVING BACK FROM ENDSTOP..."
2023/02/02;16:08:39.582;WARN;9469;0;agree_joint_controller::homing_control@699;"MOVING BACK FROM ENDSTOP..."
2023/02/02;16:08:39.583;WARN;9469;0;agree_joint_controller::homing_control@699;"MOVING BACK FROM ENDSTOP..."
2023/02/02;16:08:39.584;WARN;9469;0;agree_joint_controller::homing_control@699;"MOVING BACK FROM ENDSTOP..."
2023/02/02;16:08:39.585;WARN;9469;0;agree_joint_controller::homing_control@699;"MOVING BACK FROM ENDSTOP..."
2023/02/02;16:08:39.586;WARN;9469;0;agree_joint_controller::homing_control@699;"MOVING BACK FROM ENDSTOP..."
2023/02/02;16:08:39.587;WARN;9469;0;agree_joint_controller::homing_control@699;"MOVING BACK FROM ENDSTOP..."
2023/02/02;16:08:39.588;WARN;9469;0;agree_joint_controller::homing_control@699;"MOVING BACK FROM ENDSTOP..."
2023/02/02;16:08:39.589;WARN;9469;0;agree_joint_controller::homing_control@699;"MOVING BACK FROM ENDSTOP..."
2023/02/02;16:08:39.590;WARN;9469;0;agree_joint_controller::homing_control@699;"MOVING BACK FROM ENDSTOP..."
2023/02/02;16:08:39.591;WARN;9469;0;agree_joint_controller::homing_control@699;"MOVING BACK FROM ENDSTOP..."
2023/02/02;16:08:39.592;WARN;9469;0;agree_joint_controller::homing_control@699;"MOVING BACK FROM ENDSTOP..."
2023/02/02;16:08:39.593;WARN;9469;0;agree_joint_controller::homing_control@699;"MOVING BACK FROM ENDSTOP..."
2023/02/02;16:08:39.594;WARN;9469;0;agree_joint_controller::homing_control@699;"MOVING BACK FROM ENDSTOP..."
2023/02/02;16:08:39.595;WARN;9469;0;agree_joint_controller::homing_control@699;"MOVING BACK FROM ENDSTOP..."
2023/02/02;16:08:39.596;WARN;9469;0;agree_joint_controller::homing_control@699;"MOVING BACK FROM ENDSTOP..."
2023/02/02;16:08:39.597;WARN;9469;0;agree_joint_controller::homing_control@699;"MOVING BACK FROM ENDSTOP..."
2023/02/02;16:08:39.598;WARN;9469;0;agree_joint_controller::homing_control@699;"MOVING BACK FROM ENDSTOP..."
2023/02/02;16:08:39.599;WARN;9469;0;agree_joint_controller::homing_control@699;"MOVING BACK FROM ENDSTOP..."
2023/02/02;16:08:39.600;WARN;9469;0;agree_joint_controller::homing_control@699;"MOVING BACK FROM ENDSTOP..."
2023/02/02;16:08:39.601;WARN;9469;0;agree_joint_controller::homing_control@699;"MOVING BACK FROM ENDSTOP..."
2023/02/02;16:08:39.602;WARN;9469;0;agree_joint_controller::homing_control@699;"MOVING BACK FROM ENDSTOP..."
2023/02/02;16:08:39.603;WARN;9469;0;agree_joint_controller::homing_control@699;"MOVING BACK FROM ENDSTOP..."
2023/02/02;16:08:39.603;WARN;9469;0;agree_joint_controller::homing_control@714;"CHANGE STATUS TO 105."
2023/02/02;16:08:39.604;WARN;9469;0;agree_joint_controller::homing_control@724;"Home reached: 77.3944 mNm 26.8861 deg at 32921 ms."
2023/02/02;16:08:39.604;WARN;9469;0;agree_joint_controller::homing_control@725;"95442"
2023/02/02;16:08:39.682;INFO;9469;0;esmacat_master::esmacat_master_loop@211;"esmacat_main_loop: 33001"
2023/02/02;16:08:40.682;INFO;9469;0;esmacat_master::esmacat_master_loop@211;"esmacat_main_loop: 34001"
2023/02/02;16:08:41.682;INFO;9469;0;esmacat_master::esmacat_master_loop@211;"esmacat_main_loop: 35001"
2023/02/02;16:08:42.682;INFO;9469;0;esmacat_master::esmacat_master_loop@211;"esmacat_main_loop: 36001"
2023/02/02;16:08:43.005;WARN;9469;0;onedof_manager::loop@208;"Robot: STAND-BY Control: TORQUE
"
2023/02/02;16:08:43.682;INFO;9469;0;esmacat_master::esmacat_master_loop@211;"esmacat_main_loop: 37001"
2023/02/02;16:08:44.682;INFO;9469;0;esmacat_master::esmacat_master_loop@211;"esmacat_main_loop: 38001"
2023/02/02;16:08:45.682;INFO;9469;0;esmacat_master::esmacat_master_loop@211;"esmacat_main_loop: 39001"
2023/02/02;16:08:46.682;INFO;9469;0;esmacat_master::esmacat_master_loop@211;"esmacat_main_loop: 40001"
2023/02/02;16:08:47.682;INFO;9469;0;esmacat_master::esmacat_master_loop@211;"esmacat_main_loop: 41001"
2023/02/02;16:08:48.682;INFO;9469;0;esmacat_master::esmacat_master_loop@211;"esmacat_main_loop: 42001"
2023/02/02;16:08:49.682;INFO;9469;0;esmacat_master::esmacat_master_loop@211;"esmacat_main_loop: 43001"
2023/02/02;16:08:50.682;INFO;9469;0;esmacat_master::esmacat_master_loop@211;"esmacat_main_loop: 44001"
2023/02/02;16:08:51.682;INFO;9469;0;esmacat_master::esmacat_master_loop@211;"esmacat_main_loop: 45001"
2023/02/02;16:08:52.682;INFO;9469;0;esmacat_master::esmacat_master_loop@211;"esmacat_main_loop: 46001"
2023/02/02;16:08:53.682;INFO;9469;0;esmacat_master::esmacat_master_loop@211;"esmacat_main_loop: 47001"
2023/02/02;16:08:54.682;INFO;9469;0;esmacat_master::esmacat_master_loop@211;"esmacat_main_loop: 48001"
2023/02/02;16:08:55.682;INFO;9469;0;esmacat_master::esmacat_master_loop@211;"esmacat_main_loop: 49001"
2023/02/02;16:08:56.682;INFO;9469;0;esmacat_master::esmacat_master_loop@211;"esmacat_main_loop: 50001"
2023/02/02;16:08:57.682;INFO;9469;0;esmacat_master::esmacat_master_loop@211;"esmacat_main_loop: 51001"
2023/02/02;16:08:58.682;INFO;9469;0;esmacat_master::esmacat_master_loop@211;"esmacat_main_loop: 52001"
2023/02/02;16:08:59.682;INFO;9469;0;esmacat_master::esmacat_master_loop@211;"esmacat_main_loop: 53001"
2023/02/02;16:09:00.682;INFO;9469;0;esmacat_master::esmacat_master_loop@211;"esmacat_main_loop: 54001"
2023/02/02;16:09:01.682;INFO;9469;0;esmacat_master::esmacat_master_loop@211;"esmacat_main_loop: 55001"
2023/02/02;16:09:02.682;INFO;9469;0;esmacat_master::esmacat_master_loop@211;"esmacat_main_loop: 56001"
2023/02/02;16:09:03.682;INFO;9469;0;esmacat_master::esmacat_master_loop@211;"esmacat_main_loop: 57001"
2023/02/02;16:09:04.682;INFO;9469;0;esmacat_master::esmacat_master_loop@211;"esmacat_main_loop: 58001"
2023/02/02;16:09:05.682;INFO;9469;0;esmacat_master::esmacat_master_loop@211;"esmacat_main_loop: 59001"
2023/02/02;16:09:06.682;INFO;9469;0;esmacat_master::esmacat_master_loop@211;"esmacat_main_loop: 60001"
2023/02/02;16:09:07.682;INFO;9469;0;esmacat_master::esmacat_master_loop@211;"esmacat_main_loop: 61001"
2023/02/02;16:09:08.682;INFO;9469;0;esmacat_master::esmacat_master_loop@211;"esmacat_main_loop: 62001"
2023/02/02;16:09:09.682;INFO;9469;0;esmacat_master::esmacat_master_loop@211;"esmacat_main_loop: 63001"
2023/02/02;16:09:10.682;INFO;9469;0;esmacat_master::esmacat_master_loop@211;"esmacat_main_loop: 64001"
2023/02/02;16:09:11.682;INFO;9469;0;esmacat_master::esmacat_master_loop@211;"esmacat_main_loop: 65001"
2023/02/02;16:09:12.682;INFO;9469;0;esmacat_master::esmacat_master_loop@211;"esmacat_main_loop: 66001"
2023/02/02;16:09:13.682;INFO;9469;0;esmacat_master::esmacat_master_loop@211;"esmacat_main_loop: 67001"
2023/02/02;16:09:14.682;INFO;9469;0;esmacat_master::esmacat_master_loop@211;"esmacat_main_loop: 68001"
2023/02/02;16:09:15.682;INFO;9469;0;esmacat_master::esmacat_master_loop@211;"esmacat_main_loop: 69001"
2023/02/02;16:09:16.682;INFO;9469;0;esmacat_master::esmacat_master_loop@211;"esmacat_main_loop: 70001"
2023/02/02;16:09:17.682;INFO;9469;0;esmacat_master::esmacat_master_loop@211;"esmacat_main_loop: 71001"
2023/02/02;16:09:18.682;INFO;9469;0;esmacat_master::esmacat_master_loop@211;"esmacat_main_loop: 72001"
2023/02/02;16:09:19.682;INFO;9469;0;esmacat_master::esmacat_master_loop@211;"esmacat_main_loop: 73001"
2023/02/02;16:09:20.682;INFO;9469;0;esmacat_master::esmacat_master_loop@211;"esmacat_main_loop: 74001"
2023/02/02;16:09:21.682;INFO;9469;0;esmacat_master::esmacat_master_loop@211;"esmacat_main_loop: 75001"
2023/02/02;16:09:22.682;INFO;9469;0;esmacat_master::esmacat_master_loop@211;"esmacat_main_loop: 76001"
2023/02/02;16:09:23.682;INFO;9469;0;esmacat_master::esmacat_master_loop@211;"esmacat_main_loop: 77001"
2023/02/02;16:09:24.682;INFO;9469;0;esmacat_master::esmacat_master_loop@211;"esmacat_main_loop: 78001"
2023/02/02;16:09:25.682;INFO;9469;0;esmacat_master::esmacat_master_loop@211;"esmacat_main_loop: 79001"
2023/02/02;16:09:26.682;INFO;9469;0;esmacat_master::esmacat_master_loop@211;"esmacat_main_loop: 80001"
2023/02/02;16:09:27.682;INFO;9469;0;esmacat_master::esmacat_master_loop@211;"esmacat_main_loop: 81001"
2023/02/02;16:09:28.682;INFO;9469;0;esmacat_master::esmacat_master_loop@211;"esmacat_main_loop: 82001"
2023/02/02;16:09:29.682;INFO;9469;0;esmacat_master::esmacat_master_loop@211;"esmacat_main_loop: 83001"
2023/02/02;16:09:30.682;INFO;9469;0;esmacat_master::esmacat_master_loop@211;"esmacat_main_loop: 84001"
2023/02/02;16:09:31.682;INFO;9469;0;esmacat_master::esmacat_master_loop@211;"esmacat_main_loop: 85001"
2023/02/02;16:09:32.682;INFO;9469;0;esmacat_master::esmacat_master_loop@211;"esmacat_main_loop: 86001"
2023/02/02;16:09:33.682;INFO;9469;0;esmacat_master::esmacat_master_loop@211;"esmacat_main_loop: 87001"
2023/02/02;16:09:34.682;INFO;9469;0;esmacat_master::esmacat_master_loop@211;"esmacat_main_loop: 88001"
2023/02/02;16:09:35.682;INFO;9469;0;esmacat_master::esmacat_master_loop@211;"esmacat_main_loop: 89001"
2023/02/02;16:09:36.682;INFO;9469;0;esmacat_master::esmacat_master_loop@211;"esmacat_main_loop: 90001"
2023/02/02;16:09:37.682;INFO;9469;0;esmacat_master::esmacat_master_loop@211;"esmacat_main_loop: 91001"
2023/02/02;16:09:38.682;INFO;9469;0;esmacat_master::esmacat_master_loop@211;"esmacat_main_loop: 92001"
2023/02/02;16:09:39.682;INFO;9469;0;esmacat_master::esmacat_master_loop@211;"esmacat_main_loop: 93001"
2023/02/02;16:09:40.682;INFO;9469;0;esmacat_master::esmacat_master_loop@211;"esmacat_main_loop: 94001"
2023/02/02;16:09:41.682;INFO;9469;0;esmacat_master::esmacat_master_loop@211;"esmacat_main_loop: 95001"
2023/02/02;16:09:42.682;INFO;9469;0;esmacat_master::esmacat_master_loop@211;"esmacat_main_loop: 96001"
2023/02/02;16:09:43.682;INFO;9469;0;esmacat_master::esmacat_master_loop@211;"esmacat_main_loop: 97001"
2023/02/02;16:09:44.682;INFO;9469;0;esmacat_master::esmacat_master_loop@211;"esmacat_main_loop: 98001"
2023/02/02;16:09:45.682;INFO;9469;0;esmacat_master::esmacat_master_loop@211;"esmacat_main_loop: 99001"
2023/02/02;16:09:46.682;INFO;9469;0;esmacat_master::esmacat_master_loop@211;"esmacat_main_loop: 100001"
2023/02/02;16:09:47.682;INFO;9469;0;esmacat_master::esmacat_master_loop@211;"esmacat_main_loop: 101001"
2023/02/02;16:09:48.682;INFO;9469;0;esmacat_master::esmacat_master_loop@211;"esmacat_main_loop: 102001"
2023/02/02;16:09:49.682;INFO;9469;0;esmacat_master::esmacat_master_loop@211;"esmacat_main_loop: 103001"
2023/02/02;16:09:50.682;INFO;9469;0;esmacat_master::esmacat_master_loop@211;"esmacat_main_loop: 104001"
2023/02/02;16:09:51.682;INFO;9469;0;esmacat_master::esmacat_master_loop@211;"esmacat_main_loop: 105001"
2023/02/02;16:09:52.682;INFO;9469;0;esmacat_master::esmacat_master_loop@211;"esmacat_main_loop: 106001"
2023/02/02;16:09:53.682;INFO;9469;0;esmacat_master::esmacat_master_loop@211;"esmacat_main_loop: 107001"
2023/02/02;16:09:54.682;INFO;9469;0;esmacat_master::esmacat_master_loop@211;"esmacat_main_loop: 108001"
2023/02/02;16:09:55.682;INFO;9469;0;esmacat_master::esmacat_master_loop@211;"esmacat_main_loop: 109001"
2023/02/02;16:09:56.682;INFO;9469;0;esmacat_master::esmacat_master_loop@211;"esmacat_main_loop: 110001"
2023/02/02;16:09:57.682;INFO;9469;0;esmacat_master::esmacat_master_loop@211;"esmacat_main_loop: 111001"
2023/02/02;16:09:58.682;INFO;9469;0;esmacat_master::esmacat_master_loop@211;"esmacat_main_loop: 112001"
2023/02/02;16:09:59.682;INFO;9469;0;esmacat_master::esmacat_master_loop@211;"esmacat_main_loop: 113001"
2023/02/02;16:10:00.682;INFO;9469;0;esmacat_master::esmacat_master_loop@211;"esmacat_main_loop: 114001"
2023/02/02;16:10:01.682;INFO;9469;0;esmacat_master::esmacat_master_loop@211;"esmacat_main_loop: 115001"
2023/02/02;16:10:02.682;INFO;9469;0;esmacat_master::esmacat_master_loop@211;"esmacat_main_loop: 116001"
2023/02/02;16:10:03.682;INFO;9469;0;esmacat_master::esmacat_master_loop@211;"esmacat_main_loop: 117001"
2023/02/02;16:10:04.682;INFO;9469;0;esmacat_master::esmacat_master_loop@211;"esmacat_main_loop: 118001"
2023/02/02;16:10:05.682;INFO;9469;0;esmacat_master::esmacat_master_loop@211;"esmacat_main_loop: 119001"
2023/02/02;16:10:06.682;INFO;9469;0;esmacat_master::esmacat_master_loop@211;"esmacat_main_loop: 120001"
2023/02/02;16:10:07.682;INFO;9469;0;esmacat_master::esmacat_master_loop@211;"esmacat_main_loop: 121001"
2023/02/02;16:10:08.682;INFO;9469;0;esmacat_master::esmacat_master_loop@211;"esmacat_main_loop: 122001"
2023/02/02;16:10:09.682;INFO;9469;0;esmacat_master::esmacat_master_loop@211;"esmacat_main_loop: 123001"
2023/02/02;16:10:10.682;INFO;9469;0;esmacat_master::esmacat_master_loop@211;"esmacat_main_loop: 124001"
2023/02/02;16:10:11.682;INFO;9469;0;esmacat_master::esmacat_master_loop@211;"esmacat_main_loop: 125001"
2023/02/02;16:10:12.682;INFO;9469;0;esmacat_master::esmacat_master_loop@211;"esmacat_main_loop: 126001"
2023/02/02;16:10:13.682;INFO;9469;0;esmacat_master::esmacat_master_loop@211;"esmacat_main_loop: 127001"
2023/02/02;16:10:14.682;INFO;9469;0;esmacat_master::esmacat_master_loop@211;"esmacat_main_loop: 128001"
2023/02/02;16:10:15.682;INFO;9469;0;esmacat_master::esmacat_master_loop@211;"esmacat_main_loop: 129001"
2023/02/02;16:10:16.682;INFO;9469;0;esmacat_master::esmacat_master_loop@211;"esmacat_main_loop: 130001"
2023/02/02;16:10:17.682;INFO;9469;0;esmacat_master::esmacat_master_loop@211;"esmacat_main_loop: 131001"
2023/02/02;16:10:18.682;INFO;9469;0;esmacat_master::esmacat_master_loop@211;"esmacat_main_loop: 132001"
2023/02/02;16:10:19.682;INFO;9469;0;esmacat_master::esmacat_master_loop@211;"esmacat_main_loop: 133001"
2023/02/02;16:10:20.682;INFO;9469;0;esmacat_master::esmacat_master_loop@211;"esmacat_main_loop: 134001"
2023/02/02;16:10:21.682;INFO;9469;0;esmacat_master::esmacat_master_loop@211;"esmacat_main_loop: 135001"
2023/02/02;16:10:22.682;INFO;9469;0;esmacat_master::esmacat_master_loop@211;"esmacat_main_loop: 136001"
2023/02/02;16:10:23.682;INFO;9469;0;esmacat_master::esmacat_master_loop@211;"esmacat_main_loop: 137001"
2023/02/02;16:10:24.682;INFO;9469;0;esmacat_master::esmacat_master_loop@211;"esmacat_main_loop: 138001"
2023/02/02;16:10:25.682;INFO;9469;0;esmacat_master::esmacat_master_loop@211;"esmacat_main_loop: 139001"
2023/02/02;16:10:26.682;INFO;9469;0;esmacat_master::esmacat_master_loop@211;"esmacat_main_loop: 140001"
2023/02/02;16:10:27.682;INFO;9469;0;esmacat_master::esmacat_master_loop@211;"esmacat_main_loop: 141001"
2023/02/02;16:10:28.682;INFO;9469;0;esmacat_master::esmacat_master_loop@211;"esmacat_main_loop: 142001"
2023/02/02;16:10:29.682;INFO;9469;0;esmacat_master::esmacat_master_loop@211;"esmacat_main_loop: 143001"
2023/02/02;16:10:30.682;INFO;9469;0;esmacat_master::esmacat_master_loop@211;"esmacat_main_loop: 144001"
2023/02/02;16:10:31.682;INFO;9469;0;esmacat_master::esmacat_master_loop@211;"esmacat_main_loop: 145001"
2023/02/02;16:10:32.682;INFO;9469;0;esmacat_master::esmacat_master_loop@211;"esmacat_main_loop: 146001"
2023/02/02;16:10:33.682;INFO;9469;0;esmacat_master::esmacat_master_loop@211;"esmacat_main_loop: 147001"
2023/02/02;16:10:34.682;INFO;9469;0;esmacat_master::esmacat_master_loop@211;"esmacat_main_loop: 148001"
2023/02/02;16:10:35.682;INFO;9469;0;esmacat_master::esmacat_master_loop@211;"esmacat_main_loop: 149001"
2023/02/02;16:10:36.682;INFO;9469;0;esmacat_master::esmacat_master_loop@211;"esmacat_main_loop: 150001"
2023/02/02;16:10:37.682;INFO;9469;0;esmacat_master::esmacat_master_loop@211;"esmacat_main_loop: 151001"
2023/02/02;16:10:38.682;INFO;9469;0;esmacat_master::esmacat_master_loop@211;"esmacat_main_loop: 152001"
2023/02/02;16:10:39.682;INFO;9469;0;esmacat_master::esmacat_master_loop@211;"esmacat_main_loop: 153001"
2023/02/02;16:10:40.682;INFO;9469;0;esmacat_master::esmacat_master_loop@211;"esmacat_main_loop: 154001"
2023/02/02;16:10:41.682;INFO;9469;0;esmacat_master::esmacat_master_loop@211;"esmacat_main_loop: 155001"
2023/02/02;16:10:42.682;INFO;9469;0;esmacat_master::esmacat_master_loop@211;"esmacat_main_loop: 156001"
2023/02/02;16:10:43.682;INFO;9469;0;esmacat_master::esmacat_master_loop@211;"esmacat_main_loop: 157001"
2023/02/02;16:10:44.682;INFO;9469;0;esmacat_master::esmacat_master_loop@211;"esmacat_main_loop: 158001"
2023/02/02;16:10:45.682;INFO;9469;0;esmacat_master::esmacat_master_loop@211;"esmacat_main_loop: 159001"
2023/02/02;16:10:46.682;INFO;9469;0;esmacat_master::esmacat_master_loop@211;"esmacat_main_loop: 160001"
2023/02/02;16:10:47.682;INFO;9469;0;esmacat_master::esmacat_master_loop@211;"esmacat_main_loop: 161001"
2023/02/02;16:10:48.682;INFO;9469;0;esmacat_master::esmacat_master_loop@211;"esmacat_main_loop: 162001"
2023/02/02;16:10:49.682;INFO;9469;0;esmacat_master::esmacat_master_loop@211;"esmacat_main_loop: 163001"
2023/02/02;16:10:50.682;INFO;9469;0;esmacat_master::esmacat_master_loop@211;"esmacat_main_loop: 164001"
2023/02/02;16:10:51.682;INFO;9469;0;esmacat_master::esmacat_master_loop@211;"esmacat_main_loop: 165001"
2023/02/02;16:10:52.682;INFO;9469;0;esmacat_master::esmacat_master_loop@211;"esmacat_main_loop: 166001"
2023/02/02;16:10:53.682;INFO;9469;0;esmacat_master::esmacat_master_loop@211;"esmacat_main_loop: 167001"
2023/02/02;16:10:54.682;INFO;9469;0;esmacat_master::esmacat_master_loop@211;"esmacat_main_loop: 168001"
2023/02/02;16:10:55.682;INFO;9469;0;esmacat_master::esmacat_master_loop@211;"esmacat_main_loop: 169001"
2023/02/02;16:10:56.682;INFO;9469;0;esmacat_master::esmacat_master_loop@211;"esmacat_main_loop: 170001"
2023/02/02;16:10:57.682;INFO;9469;0;esmacat_master::esmacat_master_loop@211;"esmacat_main_loop: 171001"
2023/02/02;16:10:58.682;INFO;9469;0;esmacat_master::esmacat_master_loop@211;"esmacat_main_loop: 172001"
2023/02/02;16:10:59.682;INFO;9469;0;esmacat_master::esmacat_master_loop@211;"esmacat_main_loop: 173001"
2023/02/02;16:11:00.682;INFO;9469;0;esmacat_master::esmacat_master_loop@211;"esmacat_main_loop: 174001"
2023/02/02;16:11:01.682;INFO;9469;0;esmacat_master::esmacat_master_loop@211;"esmacat_main_loop: 175001"
2023/02/02;16:11:02.682;INFO;9469;0;esmacat_master::esmacat_master_loop@211;"esmacat_main_loop: 176001"
2023/02/02;16:11:03.682;INFO;9469;0;esmacat_master::esmacat_master_loop@211;"esmacat_main_loop: 177001"
2023/02/02;16:11:04.682;INFO;9469;0;esmacat_master::esmacat_master_loop@211;"esmacat_main_loop: 178001"
2023/02/02;16:11:05.682;INFO;9469;0;esmacat_master::esmacat_master_loop@211;"esmacat_main_loop: 179001"
2023/02/02;16:11:06.682;INFO;9469;0;esmacat_master::esmacat_master_loop@211;"esmacat_main_loop: 180001"
2023/02/02;16:11:07.682;INFO;9469;0;esmacat_master::esmacat_master_loop@211;"esmacat_main_loop: 181001"
2023/02/02;16:11:08.682;INFO;9469;0;esmacat_master::esmacat_master_loop@211;"esmacat_main_loop: 182001"
2023/02/02;16:11:09.682;INFO;9469;0;esmacat_master::esmacat_master_loop@211;"esmacat_main_loop: 183001"
2023/02/02;16:11:10.682;INFO;9469;0;esmacat_master::esmacat_master_loop@211;"esmacat_main_loop: 184001"
2023/02/02;16:11:11.682;INFO;9469;0;esmacat_master::esmacat_master_loop@211;"esmacat_main_loop: 185001"
2023/02/02;16:11:12.682;INFO;9469;0;esmacat_master::esmacat_master_loop@211;"esmacat_main_loop: 186001"
2023/02/02;16:11:13.682;INFO;9469;0;esmacat_master::esmacat_master_loop@211;"esmacat_main_loop: 187001"
2023/02/02;16:11:14.682;INFO;9469;0;esmacat_master::esmacat_master_loop@211;"esmacat_main_loop: 188001"
2023/02/02;16:11:15.682;INFO;9469;0;esmacat_master::esmacat_master_loop@211;"esmacat_main_loop: 189001"
2023/02/02;16:11:16.682;INFO;9469;0;esmacat_master::esmacat_master_loop@211;"esmacat_main_loop: 190001"
2023/02/02;16:11:17.682;INFO;9469;0;esmacat_master::esmacat_master_loop@211;"esmacat_main_loop: 191001"
2023/02/02;16:11:18.682;INFO;9469;0;esmacat_master::esmacat_master_loop@211;"esmacat_main_loop: 192001"
2023/02/02;16:11:19.682;INFO;9469;0;esmacat_master::esmacat_master_loop@211;"esmacat_main_loop: 193001"
2023/02/02;16:11:20.682;INFO;9469;0;esmacat_master::esmacat_master_loop@211;"esmacat_main_loop: 194001"
2023/02/02;16:11:21.682;INFO;9469;0;esmacat_master::esmacat_master_loop@211;"esmacat_main_loop: 195001"
2023/02/02;16:11:22.682;INFO;9469;0;esmacat_master::esmacat_master_loop@211;"esmacat_main_loop: 196001"
2023/02/02;16:11:23.682;INFO;9469;0;esmacat_master::esmacat_master_loop@211;"esmacat_main_loop: 197001"
2023/02/02;16:11:24.682;INFO;9469;0;esmacat_master::esmacat_master_loop@211;"esmacat_main_loop: 198001"
2023/02/02;16:11:25.682;INFO;9469;0;esmacat_master::esmacat_master_loop@211;"esmacat_main_loop: 199001"
2023/02/02;16:11:26.682;INFO;9469;0;esmacat_master::esmacat_master_loop@211;"esmacat_main_loop: 200001"
2023/02/02;16:11:27.682;INFO;9469;0;esmacat_master::esmacat_master_loop@211;"esmacat_main_loop: 201001"
2023/02/02;16:11:28.682;INFO;9469;0;esmacat_master::esmacat_master_loop@211;"esmacat_main_loop: 202001"
2023/02/02;16:11:29.682;INFO;9469;0;esmacat_master::esmacat_master_loop@211;"esmacat_main_loop: 203001"
2023/02/02;16:11:30.682;INFO;9469;0;esmacat_master::esmacat_master_loop@211;"esmacat_main_loop: 204001"
2023/02/02;16:11:31.682;INFO;9469;0;esmacat_master::esmacat_master_loop@211;"esmacat_main_loop: 205001"
2023/02/02;16:11:32.682;INFO;9469;0;esmacat_master::esmacat_master_loop@211;"esmacat_main_loop: 206001"
2023/02/02;16:11:33.682;INFO;9469;0;esmacat_master::esmacat_master_loop@211;"esmacat_main_loop: 207001"
2023/02/02;16:11:34.682;INFO;9469;0;esmacat_master::esmacat_master_loop@211;"esmacat_main_loop: 208001"
2023/02/02;16:11:35.682;INFO;9469;0;esmacat_master::esmacat_master_loop@211;"esmacat_main_loop: 209001"
2023/02/02;16:11:36.682;INFO;9469;0;esmacat_master::esmacat_master_loop@211;"esmacat_main_loop: 210001"
2023/02/02;16:11:37.682;INFO;9469;0;esmacat_master::esmacat_master_loop@211;"esmacat_main_loop: 211001"
2023/02/02;16:11:38.682;INFO;9469;0;esmacat_master::esmacat_master_loop@211;"esmacat_main_loop: 212001"
2023/02/02;16:11:39.682;INFO;9469;0;esmacat_master::esmacat_master_loop@211;"esmacat_main_loop: 213001"
2023/02/02;16:11:40.682;INFO;9469;0;esmacat_master::esmacat_master_loop@211;"esmacat_main_loop: 214001"
2023/02/02;16:11:41.682;INFO;9469;0;esmacat_master::esmacat_master_loop@211;"esmacat_main_loop: 215001"
2023/02/02;16:11:42.682;INFO;9469;0;esmacat_master::esmacat_master_loop@211;"esmacat_main_loop: 216001"
2023/02/02;16:11:43.682;INFO;9469;0;esmacat_master::esmacat_master_loop@211;"esmacat_main_loop: 217001"
2023/02/02;16:11:44.682;INFO;9469;0;esmacat_master::esmacat_master_loop@211;"esmacat_main_loop: 218001"
2023/02/02;16:11:45.682;INFO;9469;0;esmacat_master::esmacat_master_loop@211;"esmacat_main_loop: 219001"
2023/02/02;16:11:46.682;INFO;9469;0;esmacat_master::esmacat_master_loop@211;"esmacat_main_loop: 220001"
2023/02/02;16:11:47.682;INFO;9469;0;esmacat_master::esmacat_master_loop@211;"esmacat_main_loop: 221001"
2023/02/02;16:11:48.682;INFO;9469;0;esmacat_master::esmacat_master_loop@211;"esmacat_main_loop: 222001"
2023/02/02;16:11:49.682;INFO;9469;0;esmacat_master::esmacat_master_loop@211;"esmacat_main_loop: 223001"
